id,sku,slug,name,category,description,short_description,color,price,sale_price,stock,weight_kg,image
1,CT-001,harbor-everyday-tee,Harbor Everyday Tee,Tees,Soft cotton jersey with a relaxed everyday fit. Part of the Common Thread collection.,Soft cotton jersey with a relaxed everyday fit.,Heather gray,24,,15,0.25,assets/tshirt-2.jpg
2,CT-002,signal-graphic-tee,Signal Graphic Tee,Tees,A cotton crewneck with a small graphic at the chest. Part of the Common Thread collection.,A cotton crewneck with a small graphic at the chest.,Slate,28,,18,0.25,assets/t-shirt-with-logo-1.jpg
3,CT-003,canyon-v-neck-tee,Canyon V-Neck Tee,Tees,A lightweight V-neck for warm days and easy layering. Part of the Common Thread collection.,A lightweight V-neck for warm days and easy layering.,Coral,26,20.8,21,0.25,assets/vneck-tee-2.jpg
4,CT-004,grove-v-neck-tee,Grove V-Neck Tee,Tees,Breathable cotton jersey with a clean V-neck. Part of the Common Thread collection.,Breathable cotton jersey with a clean V-neck.,Forest green,26,,24,0.25,assets/vnech-tee-green-1.jpg
5,CT-005,tide-v-neck-tee,Tide V-Neck Tee,Tees,A soft jersey essential with a gently tapered cut. Part of the Common Thread collection.,A soft jersey essential with a gently tapered cut.,Ocean blue,26,,27,0.25,assets/vnech-tee-blue-1.jpg
6,CT-006,dusk-long-sleeve-tee,Dusk Long-Sleeve Tee,Tees,A long-sleeve cotton layer with a ribbed collar. Part of the Common Thread collection.,A long-sleeve cotton layer with a ribbed collar.,Charcoal,34,,30,0.25,assets/long-sleeve-tee-2.jpg
7,CT-007,ember-pullover-hoodie,Ember Pullover Hoodie,Hoodies,A fleece-lined pullover with a roomy hood. Part of the Common Thread collection.,A fleece-lined pullover with a roomy hood.,Coral,64,,33,0.7,assets/hoodie-2.jpg
8,CT-008,tide-pullover-hoodie,Tide Pullover Hoodie,Hoodies,Soft brushed fleece for cool evenings. Part of the Common Thread collection.,Soft brushed fleece for cool evenings.,Ocean blue,64,,36,0.7,assets/hoodie-blue-1.jpg
9,CT-009,grove-pullover-hoodie,Grove Pullover Hoodie,Hoodies,A cotton-blend hoodie with a comfortable relaxed fit. Part of the Common Thread collection.,A cotton-blend hoodie with a comfortable relaxed fit.,Forest green,64,,39,0.7,assets/hoodie-green-1.jpg
10,CT-010,waypoint-logo-hoodie,Waypoint Logo Hoodie,Hoodies,A midweight pullover finished with a chest mark. Part of the Common Thread collection.,A midweight pullover finished with a chest mark.,Blue,68,,42,0.7,assets/hoodie-with-logo-2.jpg
11,CT-011,trail-pocket-hoodie,Trail Pocket Hoodie,Hoodies,A fleece hoodie with a generous front pocket. Part of the Common Thread collection.,A fleece hoodie with a generous front pocket.,Gray,72,57.6,45,0.7,assets/hoodie-with-pocket-2.jpg
12,CT-012,transit-zip-hoodie,Transit Zip Hoodie,Hoodies,An easy zip-through layer with two hand pockets. Part of the Common Thread collection.,An easy zip-through layer with two hand pockets.,Gray,78,,48,0.7,assets/hoodie-with-zipper-2.jpg
13,CT-013,sunday-classic-polo,Sunday Classic Polo,Shirts,A cotton pique polo with a soft collar. Part of the Common Thread collection.,A cotton pique polo with a soft collar.,Blue,42,,51,0.25,assets/polo-2.jpg
14,CT-014,studio-everyday-polo,Studio Everyday Polo,Shirts,An easy-care polo with a neatly structured placket. Part of the Common Thread collection.,An easy-care polo with a neatly structured placket.,Blue,46,,54,0.25,assets/polo-2.jpg
15,CT-015,weekend-jersey-polo,Weekend Jersey Polo,Shirts,A comfortable collared shirt for relaxed weekends. Part of the Common Thread collection.,A comfortable collared shirt for relaxed weekends.,Blue,44,,57,0.25,assets/polo-2.jpg
16,CT-016,field-cotton-polo,Field Cotton Polo,Shirts,A durable cotton polo made for daily rotation. Part of the Common Thread collection.,A durable cotton polo made for daily rotation.,Blue,48,,60,0.25,assets/polo-2.jpg
17,CT-017,northline-long-sleeve-shirt,Northline Long-Sleeve Shirt,Shirts,A heavier jersey shirt with full-length sleeves. Part of the Common Thread collection.,A heavier jersey shirt with full-length sleeves.,Charcoal,38,,63,0.25,assets/long-sleeve-tee-2.jpg
18,CT-018,afterhours-jersey-shirt,Afterhours Jersey Shirt,Shirts,"A smooth cotton shirt with a soft, easy drape. Part of the Common Thread collection.","A smooth cotton shirt with a soft, easy drape.",Charcoal,40,,0,0.25,assets/long-sleeve-tee-2.jpg
19,CT-019,ridge-ribbed-beanie,Ridge Ribbed Beanie,Headwear,A warm rib-knit beanie with a folded cuff. Part of the Common Thread collection.,A warm rib-knit beanie with a folded cuff.,Red,22,17.6,69,0.25,assets/beanie-2.jpg
20,CT-020,summit-mark-beanie,Summit Mark Beanie,Headwear,A soft winter beanie with a small woven mark. Part of the Common Thread collection.,A soft winter beanie with a small woven mark.,Red,25,,72,0.25,assets/beanie-with-logo-1.jpg
21,CT-021,daybreak-knit-beanie,Daybreak Knit Beanie,Headwear,A lightweight knit hat for crisp mornings. Part of the Common Thread collection.,A lightweight knit hat for crisp mornings.,Red,24,,75,0.25,assets/beanie-2.jpg
22,CT-022,compass-everyday-cap,Compass Everyday Cap,Headwear,An adjustable cap with a gently curved brim. Part of the Common Thread collection.,An adjustable cap with a gently curved brim.,Blue,27,,78,0.25,assets/cap-2.jpg
23,CT-023,coast-cotton-cap,Coast Cotton Cap,Headwear,A breathable cotton cap with an adjustable back. Part of the Common Thread collection.,A breathable cotton cap with an adjustable back.,Blue,29,,81,0.25,assets/cap-2.jpg
24,CT-024,roam-weekend-cap,Roam Weekend Cap,Headwear,A sturdy six-panel cap for the daily outdoors. Part of the Common Thread collection.,A sturdy six-panel cap for the daily outdoors.,Blue,31,,84,0.25,assets/cap-2.jpg
25,CT-025,foundry-leather-belt,Foundry Leather Belt,Accessories,A smooth leather belt with a simple metal buckle. Part of the Common Thread collection.,A smooth leather belt with a simple metal buckle.,Brown,39,,87,0.25,assets/belt-2.jpg
26,CT-026,waypoint-everyday-belt,Waypoint Everyday Belt,Accessories,A versatile leather belt with a classic finish. Part of the Common Thread collection.,A versatile leather belt with a classic finish.,Brown,44,,90,0.25,assets/belt-2.jpg
27,CT-027,heritage-leather-belt,Heritage Leather Belt,Accessories,A substantial leather belt for daily wear. Part of the Common Thread collection.,A substantial leather belt for daily wear.,Brown,49,,93,0.25,assets/belt-2.jpg
28,CT-028,horizon-classic-sunglasses,Horizon Classic Sunglasses,Accessories,Lightweight frames with dark everyday lenses. Part of the Common Thread collection.,Lightweight frames with dark everyday lenses.,Black,36,28.8,96,0.25,assets/sunglasses-2.jpg
29,CT-029,vista-weekend-sunglasses,Vista Weekend Sunglasses,Accessories,An easy-wearing pair of sunglasses with a timeless shape. Part of the Common Thread collection.,An easy-wearing pair of sunglasses with a timeless shape.,Black,42,,99,0.25,assets/sunglasses-2.jpg
30,CT-030,outlook-city-sunglasses,Outlook City Sunglasses,Accessories,Comfortable frames designed for bright city days. Part of the Common Thread collection.,Comfortable frames designed for bright city days.,Black,48,,0,0.25,assets/sunglasses-2.jpg
31,CT-NOISE-0001,noise-product-0001,Noise Product 0001,Tees,Generic catalog filler item 0001 for scale experiments.,Generic filler item 0001.,,1,,100,0.25,
32,CT-NOISE-0002,noise-product-0002,Noise Product 0002,Hoodies,Generic catalog filler item 0002 for scale experiments.,Generic filler item 0002.,,2,,100,0.25,
33,CT-NOISE-0003,noise-product-0003,Noise Product 0003,Shirts,Generic catalog filler item 0003 for scale experiments.,Generic filler item 0003.,,3,,100,0.25,
34,CT-NOISE-0004,noise-product-0004,Noise Product 0004,Headwear,Generic catalog filler item 0004 for scale experiments.,Generic filler item 0004.,,4,,100,0.25,
35,CT-NOISE-0005,noise-product-0005,Noise Product 0005,Accessories,Generic catalog filler item 0005 for scale experiments.,Generic filler item 0005.,,5,,100,0.25,
36,CT-NOISE-0006,noise-product-0006,Noise Product 0006,Tees,Generic catalog filler item 0006 for scale experiments.,Generic filler item 0006.,,6,,100,0.25,
37,CT-NOISE-0007,noise-product-0007,Noise Product 0007,Hoodies,Generic catalog filler item 0007 for scale experiments.,Generic filler item 0007.,,7,,100,0.25,
38,CT-NOISE-0008,noise-product-0008,Noise Product 0008,Shirts,Generic catalog filler item 0008 for scale experiments.,Generic filler item 0008.,,8,,100,0.25,
39,CT-NOISE-0009,noise-product-0009,Noise Product 0009,Headwear,Generic catalog filler item 0009 for scale experiments.,Generic filler item 0009.,,9,,100,0.25,
40,CT-NOISE-0010,noise-product-0010,Noise Product 0010,Accessories,Generic catalog filler item 0010 for scale experiments.,Generic filler item 0010.,,10,,100,0.25,
41,CT-NOISE-0011,noise-product-0011,Noise Product 0011,Tees,Generic catalog filler item 0011 for scale experiments.,Generic filler item 0011.,,11,,100,0.25,
42,CT-NOISE-0012,noise-product-0012,Noise Product 0012,Hoodies,Generic catalog filler item 0012 for scale experiments.,Generic filler item 0012.,,12,,100,0.25,
43,CT-NOISE-0013,noise-product-0013,Noise Product 0013,Shirts,Generic catalog filler item 0013 for scale experiments.,Generic filler item 0013.,,13,,100,0.25,
44,CT-NOISE-0014,noise-product-0014,Noise Product 0014,Headwear,Generic catalog filler item 0014 for scale experiments.,Generic filler item 0014.,,14,,100,0.25,
45,CT-NOISE-0015,noise-product-0015,Noise Product 0015,Accessories,Generic catalog filler item 0015 for scale experiments.,Generic filler item 0015.,,15,,100,0.25,
46,CT-NOISE-0016,noise-product-0016,Noise Product 0016,Tees,Generic catalog filler item 0016 for scale experiments.,Generic filler item 0016.,,16,,100,0.25,
47,CT-NOISE-0017,noise-product-0017,Noise Product 0017,Hoodies,Generic catalog filler item 0017 for scale experiments.,Generic filler item 0017.,,17,,100,0.25,
48,CT-NOISE-0018,noise-product-0018,Noise Product 0018,Shirts,Generic catalog filler item 0018 for scale experiments.,Generic filler item 0018.,,18,,100,0.25,
49,CT-NOISE-0019,noise-product-0019,Noise Product 0019,Headwear,Generic catalog filler item 0019 for scale experiments.,Generic filler item 0019.,,19,,100,0.25,
50,CT-NOISE-0020,noise-product-0020,Noise Product 0020,Accessories,Generic catalog filler item 0020 for scale experiments.,Generic filler item 0020.,,20,,100,0.25,
51,CT-NOISE-0021,noise-product-0021,Noise Product 0021,Tees,Generic catalog filler item 0021 for scale experiments.,Generic filler item 0021.,,21,,100,0.25,
52,CT-NOISE-0022,noise-product-0022,Noise Product 0022,Hoodies,Generic catalog filler item 0022 for scale experiments.,Generic filler item 0022.,,22,,100,0.25,
53,CT-NOISE-0023,noise-product-0023,Noise Product 0023,Shirts,Generic catalog filler item 0023 for scale experiments.,Generic filler item 0023.,,23,,100,0.25,
54,CT-NOISE-0024,noise-product-0024,Noise Product 0024,Headwear,Generic catalog filler item 0024 for scale experiments.,Generic filler item 0024.,,24,,100,0.25,
55,CT-NOISE-0025,noise-product-0025,Noise Product 0025,Accessories,Generic catalog filler item 0025 for scale experiments.,Generic filler item 0025.,,25,,100,0.25,
56,CT-NOISE-0026,noise-product-0026,Noise Product 0026,Tees,Generic catalog filler item 0026 for scale experiments.,Generic filler item 0026.,,26,,100,0.25,
57,CT-NOISE-0027,noise-product-0027,Noise Product 0027,Hoodies,Generic catalog filler item 0027 for scale experiments.,Generic filler item 0027.,,27,,100,0.25,
58,CT-NOISE-0028,noise-product-0028,Noise Product 0028,Shirts,Generic catalog filler item 0028 for scale experiments.,Generic filler item 0028.,,28,,100,0.25,
59,CT-NOISE-0029,noise-product-0029,Noise Product 0029,Headwear,Generic catalog filler item 0029 for scale experiments.,Generic filler item 0029.,,29,,100,0.25,
60,CT-NOISE-0030,noise-product-0030,Noise Product 0030,Accessories,Generic catalog filler item 0030 for scale experiments.,Generic filler item 0030.,,30,,100,0.25,
61,CT-NOISE-0031,noise-product-0031,Noise Product 0031,Tees,Generic catalog filler item 0031 for scale experiments.,Generic filler item 0031.,,31,,100,0.25,
62,CT-NOISE-0032,noise-product-0032,Noise Product 0032,Hoodies,Generic catalog filler item 0032 for scale experiments.,Generic filler item 0032.,,32,,100,0.25,
63,CT-NOISE-0033,noise-product-0033,Noise Product 0033,Shirts,Generic catalog filler item 0033 for scale experiments.,Generic filler item 0033.,,33,,100,0.25,
64,CT-NOISE-0034,noise-product-0034,Noise Product 0034,Headwear,Generic catalog filler item 0034 for scale experiments.,Generic filler item 0034.,,34,,100,0.25,
65,CT-NOISE-0035,noise-product-0035,Noise Product 0035,Accessories,Generic catalog filler item 0035 for scale experiments.,Generic filler item 0035.,,35,,100,0.25,
66,CT-NOISE-0036,noise-product-0036,Noise Product 0036,Tees,Generic catalog filler item 0036 for scale experiments.,Generic filler item 0036.,,36,,100,0.25,
67,CT-NOISE-0037,noise-product-0037,Noise Product 0037,Hoodies,Generic catalog filler item 0037 for scale experiments.,Generic filler item 0037.,,37,,100,0.25,
68,CT-NOISE-0038,noise-product-0038,Noise Product 0038,Shirts,Generic catalog filler item 0038 for scale experiments.,Generic filler item 0038.,,38,,100,0.25,
69,CT-NOISE-0039,noise-product-0039,Noise Product 0039,Headwear,Generic catalog filler item 0039 for scale experiments.,Generic filler item 0039.,,39,,100,0.25,
70,CT-NOISE-0040,noise-product-0040,Noise Product 0040,Accessories,Generic catalog filler item 0040 for scale experiments.,Generic filler item 0040.,,40,,100,0.25,
71,CT-NOISE-0041,noise-product-0041,Noise Product 0041,Tees,Generic catalog filler item 0041 for scale experiments.,Generic filler item 0041.,,41,,100,0.25,
72,CT-NOISE-0042,noise-product-0042,Noise Product 0042,Hoodies,Generic catalog filler item 0042 for scale experiments.,Generic filler item 0042.,,42,,100,0.25,
73,CT-NOISE-0043,noise-product-0043,Noise Product 0043,Shirts,Generic catalog filler item 0043 for scale experiments.,Generic filler item 0043.,,43,,100,0.25,
74,CT-NOISE-0044,noise-product-0044,Noise Product 0044,Headwear,Generic catalog filler item 0044 for scale experiments.,Generic filler item 0044.,,44,,100,0.25,
75,CT-NOISE-0045,noise-product-0045,Noise Product 0045,Accessories,Generic catalog filler item 0045 for scale experiments.,Generic filler item 0045.,,45,,100,0.25,
76,CT-NOISE-0046,noise-product-0046,Noise Product 0046,Tees,Generic catalog filler item 0046 for scale experiments.,Generic filler item 0046.,,46,,100,0.25,
77,CT-NOISE-0047,noise-product-0047,Noise Product 0047,Hoodies,Generic catalog filler item 0047 for scale experiments.,Generic filler item 0047.,,47,,100,0.25,
78,CT-NOISE-0048,noise-product-0048,Noise Product 0048,Shirts,Generic catalog filler item 0048 for scale experiments.,Generic filler item 0048.,,48,,100,0.25,
79,CT-NOISE-0049,noise-product-0049,Noise Product 0049,Headwear,Generic catalog filler item 0049 for scale experiments.,Generic filler item 0049.,,49,,100,0.25,
80,CT-NOISE-0050,noise-product-0050,Noise Product 0050,Accessories,Generic catalog filler item 0050 for scale experiments.,Generic filler item 0050.,,50,,100,0.25,
81,CT-NOISE-0051,noise-product-0051,Noise Product 0051,Tees,Generic catalog filler item 0051 for scale experiments.,Generic filler item 0051.,,1,,100,0.25,
82,CT-NOISE-0052,noise-product-0052,Noise Product 0052,Hoodies,Generic catalog filler item 0052 for scale experiments.,Generic filler item 0052.,,2,,100,0.25,
83,CT-NOISE-0053,noise-product-0053,Noise Product 0053,Shirts,Generic catalog filler item 0053 for scale experiments.,Generic filler item 0053.,,3,,100,0.25,
84,CT-NOISE-0054,noise-product-0054,Noise Product 0054,Headwear,Generic catalog filler item 0054 for scale experiments.,Generic filler item 0054.,,4,,100,0.25,
85,CT-NOISE-0055,noise-product-0055,Noise Product 0055,Accessories,Generic catalog filler item 0055 for scale experiments.,Generic filler item 0055.,,5,,100,0.25,
86,CT-NOISE-0056,noise-product-0056,Noise Product 0056,Tees,Generic catalog filler item 0056 for scale experiments.,Generic filler item 0056.,,6,,100,0.25,
87,CT-NOISE-0057,noise-product-0057,Noise Product 0057,Hoodies,Generic catalog filler item 0057 for scale experiments.,Generic filler item 0057.,,7,,100,0.25,
88,CT-NOISE-0058,noise-product-0058,Noise Product 0058,Shirts,Generic catalog filler item 0058 for scale experiments.,Generic filler item 0058.,,8,,100,0.25,
89,CT-NOISE-0059,noise-product-0059,Noise Product 0059,Headwear,Generic catalog filler item 0059 for scale experiments.,Generic filler item 0059.,,9,,100,0.25,
90,CT-NOISE-0060,noise-product-0060,Noise Product 0060,Accessories,Generic catalog filler item 0060 for scale experiments.,Generic filler item 0060.,,10,,100,0.25,
91,CT-NOISE-0061,noise-product-0061,Noise Product 0061,Tees,Generic catalog filler item 0061 for scale experiments.,Generic filler item 0061.,,11,,100,0.25,
92,CT-NOISE-0062,noise-product-0062,Noise Product 0062,Hoodies,Generic catalog filler item 0062 for scale experiments.,Generic filler item 0062.,,12,,100,0.25,
93,CT-NOISE-0063,noise-product-0063,Noise Product 0063,Shirts,Generic catalog filler item 0063 for scale experiments.,Generic filler item 0063.,,13,,100,0.25,
94,CT-NOISE-0064,noise-product-0064,Noise Product 0064,Headwear,Generic catalog filler item 0064 for scale experiments.,Generic filler item 0064.,,14,,100,0.25,
95,CT-NOISE-0065,noise-product-0065,Noise Product 0065,Accessories,Generic catalog filler item 0065 for scale experiments.,Generic filler item 0065.,,15,,100,0.25,
96,CT-NOISE-0066,noise-product-0066,Noise Product 0066,Tees,Generic catalog filler item 0066 for scale experiments.,Generic filler item 0066.,,16,,100,0.25,
97,CT-NOISE-0067,noise-product-0067,Noise Product 0067,Hoodies,Generic catalog filler item 0067 for scale experiments.,Generic filler item 0067.,,17,,100,0.25,
98,CT-NOISE-0068,noise-product-0068,Noise Product 0068,Shirts,Generic catalog filler item 0068 for scale experiments.,Generic filler item 0068.,,18,,100,0.25,
99,CT-NOISE-0069,noise-product-0069,Noise Product 0069,Headwear,Generic catalog filler item 0069 for scale experiments.,Generic filler item 0069.,,19,,100,0.25,
100,CT-NOISE-0070,noise-product-0070,Noise Product 0070,Accessories,Generic catalog filler item 0070 for scale experiments.,Generic filler item 0070.,,20,,100,0.25,
101,CT-NOISE-0071,noise-product-0071,Noise Product 0071,Tees,Generic catalog filler item 0071 for scale experiments.,Generic filler item 0071.,,21,,100,0.25,
102,CT-NOISE-0072,noise-product-0072,Noise Product 0072,Hoodies,Generic catalog filler item 0072 for scale experiments.,Generic filler item 0072.,,22,,100,0.25,
103,CT-NOISE-0073,noise-product-0073,Noise Product 0073,Shirts,Generic catalog filler item 0073 for scale experiments.,Generic filler item 0073.,,23,,100,0.25,
104,CT-NOISE-0074,noise-product-0074,Noise Product 0074,Headwear,Generic catalog filler item 0074 for scale experiments.,Generic filler item 0074.,,24,,100,0.25,
105,CT-NOISE-0075,noise-product-0075,Noise Product 0075,Accessories,Generic catalog filler item 0075 for scale experiments.,Generic filler item 0075.,,25,,100,0.25,
106,CT-NOISE-0076,noise-product-0076,Noise Product 0076,Tees,Generic catalog filler item 0076 for scale experiments.,Generic filler item 0076.,,26,,100,0.25,
107,CT-NOISE-0077,noise-product-0077,Noise Product 0077,Hoodies,Generic catalog filler item 0077 for scale experiments.,Generic filler item 0077.,,27,,100,0.25,
108,CT-NOISE-0078,noise-product-0078,Noise Product 0078,Shirts,Generic catalog filler item 0078 for scale experiments.,Generic filler item 0078.,,28,,100,0.25,
109,CT-NOISE-0079,noise-product-0079,Noise Product 0079,Headwear,Generic catalog filler item 0079 for scale experiments.,Generic filler item 0079.,,29,,100,0.25,
110,CT-NOISE-0080,noise-product-0080,Noise Product 0080,Accessories,Generic catalog filler item 0080 for scale experiments.,Generic filler item 0080.,,30,,100,0.25,
111,CT-NOISE-0081,noise-product-0081,Noise Product 0081,Tees,Generic catalog filler item 0081 for scale experiments.,Generic filler item 0081.,,31,,100,0.25,
112,CT-NOISE-0082,noise-product-0082,Noise Product 0082,Hoodies,Generic catalog filler item 0082 for scale experiments.,Generic filler item 0082.,,32,,100,0.25,
113,CT-NOISE-0083,noise-product-0083,Noise Product 0083,Shirts,Generic catalog filler item 0083 for scale experiments.,Generic filler item 0083.,,33,,100,0.25,
114,CT-NOISE-0084,noise-product-0084,Noise Product 0084,Headwear,Generic catalog filler item 0084 for scale experiments.,Generic filler item 0084.,,34,,100,0.25,
115,CT-NOISE-0085,noise-product-0085,Noise Product 0085,Accessories,Generic catalog filler item 0085 for scale experiments.,Generic filler item 0085.,,35,,100,0.25,
116,CT-NOISE-0086,noise-product-0086,Noise Product 0086,Tees,Generic catalog filler item 0086 for scale experiments.,Generic filler item 0086.,,36,,100,0.25,
117,CT-NOISE-0087,noise-product-0087,Noise Product 0087,Hoodies,Generic catalog filler item 0087 for scale experiments.,Generic filler item 0087.,,37,,100,0.25,
118,CT-NOISE-0088,noise-product-0088,Noise Product 0088,Shirts,Generic catalog filler item 0088 for scale experiments.,Generic filler item 0088.,,38,,100,0.25,
119,CT-NOISE-0089,noise-product-0089,Noise Product 0089,Headwear,Generic catalog filler item 0089 for scale experiments.,Generic filler item 0089.,,39,,100,0.25,
120,CT-NOISE-0090,noise-product-0090,Noise Product 0090,Accessories,Generic catalog filler item 0090 for scale experiments.,Generic filler item 0090.,,40,,100,0.25,
121,CT-NOISE-0091,noise-product-0091,Noise Product 0091,Tees,Generic catalog filler item 0091 for scale experiments.,Generic filler item 0091.,,41,,100,0.25,
122,CT-NOISE-0092,noise-product-0092,Noise Product 0092,Hoodies,Generic catalog filler item 0092 for scale experiments.,Generic filler item 0092.,,42,,100,0.25,
123,CT-NOISE-0093,noise-product-0093,Noise Product 0093,Shirts,Generic catalog filler item 0093 for scale experiments.,Generic filler item 0093.,,43,,100,0.25,
124,CT-NOISE-0094,noise-product-0094,Noise Product 0094,Headwear,Generic catalog filler item 0094 for scale experiments.,Generic filler item 0094.,,44,,100,0.25,
125,CT-NOISE-0095,noise-product-0095,Noise Product 0095,Accessories,Generic catalog filler item 0095 for scale experiments.,Generic filler item 0095.,,45,,100,0.25,
126,CT-NOISE-0096,noise-product-0096,Noise Product 0096,Tees,Generic catalog filler item 0096 for scale experiments.,Generic filler item 0096.,,46,,100,0.25,
127,CT-NOISE-0097,noise-product-0097,Noise Product 0097,Hoodies,Generic catalog filler item 0097 for scale experiments.,Generic filler item 0097.,,47,,100,0.25,
128,CT-NOISE-0098,noise-product-0098,Noise Product 0098,Shirts,Generic catalog filler item 0098 for scale experiments.,Generic filler item 0098.,,48,,100,0.25,
129,CT-NOISE-0099,noise-product-0099,Noise Product 0099,Headwear,Generic catalog filler item 0099 for scale experiments.,Generic filler item 0099.,,49,,100,0.25,
130,CT-NOISE-0100,noise-product-0100,Noise Product 0100,Accessories,Generic catalog filler item 0100 for scale experiments.,Generic filler item 0100.,,50,,100,0.25,
131,CT-NOISE-0101,noise-product-0101,Noise Product 0101,Tees,Generic catalog filler item 0101 for scale experiments.,Generic filler item 0101.,,1,,100,0.25,
132,CT-NOISE-0102,noise-product-0102,Noise Product 0102,Hoodies,Generic catalog filler item 0102 for scale experiments.,Generic filler item 0102.,,2,,100,0.25,
133,CT-NOISE-0103,noise-product-0103,Noise Product 0103,Shirts,Generic catalog filler item 0103 for scale experiments.,Generic filler item 0103.,,3,,100,0.25,
134,CT-NOISE-0104,noise-product-0104,Noise Product 0104,Headwear,Generic catalog filler item 0104 for scale experiments.,Generic filler item 0104.,,4,,100,0.25,
135,CT-NOISE-0105,noise-product-0105,Noise Product 0105,Accessories,Generic catalog filler item 0105 for scale experiments.,Generic filler item 0105.,,5,,100,0.25,
136,CT-NOISE-0106,noise-product-0106,Noise Product 0106,Tees,Generic catalog filler item 0106 for scale experiments.,Generic filler item 0106.,,6,,100,0.25,
137,CT-NOISE-0107,noise-product-0107,Noise Product 0107,Hoodies,Generic catalog filler item 0107 for scale experiments.,Generic filler item 0107.,,7,,100,0.25,
138,CT-NOISE-0108,noise-product-0108,Noise Product 0108,Shirts,Generic catalog filler item 0108 for scale experiments.,Generic filler item 0108.,,8,,100,0.25,
139,CT-NOISE-0109,noise-product-0109,Noise Product 0109,Headwear,Generic catalog filler item 0109 for scale experiments.,Generic filler item 0109.,,9,,100,0.25,
140,CT-NOISE-0110,noise-product-0110,Noise Product 0110,Accessories,Generic catalog filler item 0110 for scale experiments.,Generic filler item 0110.,,10,,100,0.25,
141,CT-NOISE-0111,noise-product-0111,Noise Product 0111,Tees,Generic catalog filler item 0111 for scale experiments.,Generic filler item 0111.,,11,,100,0.25,
142,CT-NOISE-0112,noise-product-0112,Noise Product 0112,Hoodies,Generic catalog filler item 0112 for scale experiments.,Generic filler item 0112.,,12,,100,0.25,
143,CT-NOISE-0113,noise-product-0113,Noise Product 0113,Shirts,Generic catalog filler item 0113 for scale experiments.,Generic filler item 0113.,,13,,100,0.25,
144,CT-NOISE-0114,noise-product-0114,Noise Product 0114,Headwear,Generic catalog filler item 0114 for scale experiments.,Generic filler item 0114.,,14,,100,0.25,
145,CT-NOISE-0115,noise-product-0115,Noise Product 0115,Accessories,Generic catalog filler item 0115 for scale experiments.,Generic filler item 0115.,,15,,100,0.25,
146,CT-NOISE-0116,noise-product-0116,Noise Product 0116,Tees,Generic catalog filler item 0116 for scale experiments.,Generic filler item 0116.,,16,,100,0.25,
147,CT-NOISE-0117,noise-product-0117,Noise Product 0117,Hoodies,Generic catalog filler item 0117 for scale experiments.,Generic filler item 0117.,,17,,100,0.25,
148,CT-NOISE-0118,noise-product-0118,Noise Product 0118,Shirts,Generic catalog filler item 0118 for scale experiments.,Generic filler item 0118.,,18,,100,0.25,
149,CT-NOISE-0119,noise-product-0119,Noise Product 0119,Headwear,Generic catalog filler item 0119 for scale experiments.,Generic filler item 0119.,,19,,100,0.25,
150,CT-NOISE-0120,noise-product-0120,Noise Product 0120,Accessories,Generic catalog filler item 0120 for scale experiments.,Generic filler item 0120.,,20,,100,0.25,
151,CT-NOISE-0121,noise-product-0121,Noise Product 0121,Tees,Generic catalog filler item 0121 for scale experiments.,Generic filler item 0121.,,21,,100,0.25,
152,CT-NOISE-0122,noise-product-0122,Noise Product 0122,Hoodies,Generic catalog filler item 0122 for scale experiments.,Generic filler item 0122.,,22,,100,0.25,
153,CT-NOISE-0123,noise-product-0123,Noise Product 0123,Shirts,Generic catalog filler item 0123 for scale experiments.,Generic filler item 0123.,,23,,100,0.25,
154,CT-NOISE-0124,noise-product-0124,Noise Product 0124,Headwear,Generic catalog filler item 0124 for scale experiments.,Generic filler item 0124.,,24,,100,0.25,
155,CT-NOISE-0125,noise-product-0125,Noise Product 0125,Accessories,Generic catalog filler item 0125 for scale experiments.,Generic filler item 0125.,,25,,100,0.25,
156,CT-NOISE-0126,noise-product-0126,Noise Product 0126,Tees,Generic catalog filler item 0126 for scale experiments.,Generic filler item 0126.,,26,,100,0.25,
157,CT-NOISE-0127,noise-product-0127,Noise Product 0127,Hoodies,Generic catalog filler item 0127 for scale experiments.,Generic filler item 0127.,,27,,100,0.25,
158,CT-NOISE-0128,noise-product-0128,Noise Product 0128,Shirts,Generic catalog filler item 0128 for scale experiments.,Generic filler item 0128.,,28,,100,0.25,
159,CT-NOISE-0129,noise-product-0129,Noise Product 0129,Headwear,Generic catalog filler item 0129 for scale experiments.,Generic filler item 0129.,,29,,100,0.25,
160,CT-NOISE-0130,noise-product-0130,Noise Product 0130,Accessories,Generic catalog filler item 0130 for scale experiments.,Generic filler item 0130.,,30,,100,0.25,
161,CT-NOISE-0131,noise-product-0131,Noise Product 0131,Tees,Generic catalog filler item 0131 for scale experiments.,Generic filler item 0131.,,31,,100,0.25,
162,CT-NOISE-0132,noise-product-0132,Noise Product 0132,Hoodies,Generic catalog filler item 0132 for scale experiments.,Generic filler item 0132.,,32,,100,0.25,
163,CT-NOISE-0133,noise-product-0133,Noise Product 0133,Shirts,Generic catalog filler item 0133 for scale experiments.,Generic filler item 0133.,,33,,100,0.25,
164,CT-NOISE-0134,noise-product-0134,Noise Product 0134,Headwear,Generic catalog filler item 0134 for scale experiments.,Generic filler item 0134.,,34,,100,0.25,
165,CT-NOISE-0135,noise-product-0135,Noise Product 0135,Accessories,Generic catalog filler item 0135 for scale experiments.,Generic filler item 0135.,,35,,100,0.25,
166,CT-NOISE-0136,noise-product-0136,Noise Product 0136,Tees,Generic catalog filler item 0136 for scale experiments.,Generic filler item 0136.,,36,,100,0.25,
167,CT-NOISE-0137,noise-product-0137,Noise Product 0137,Hoodies,Generic catalog filler item 0137 for scale experiments.,Generic filler item 0137.,,37,,100,0.25,
168,CT-NOISE-0138,noise-product-0138,Noise Product 0138,Shirts,Generic catalog filler item 0138 for scale experiments.,Generic filler item 0138.,,38,,100,0.25,
169,CT-NOISE-0139,noise-product-0139,Noise Product 0139,Headwear,Generic catalog filler item 0139 for scale experiments.,Generic filler item 0139.,,39,,100,0.25,
170,CT-NOISE-0140,noise-product-0140,Noise Product 0140,Accessories,Generic catalog filler item 0140 for scale experiments.,Generic filler item 0140.,,40,,100,0.25,
171,CT-NOISE-0141,noise-product-0141,Noise Product 0141,Tees,Generic catalog filler item 0141 for scale experiments.,Generic filler item 0141.,,41,,100,0.25,
172,CT-NOISE-0142,noise-product-0142,Noise Product 0142,Hoodies,Generic catalog filler item 0142 for scale experiments.,Generic filler item 0142.,,42,,100,0.25,
173,CT-NOISE-0143,noise-product-0143,Noise Product 0143,Shirts,Generic catalog filler item 0143 for scale experiments.,Generic filler item 0143.,,43,,100,0.25,
174,CT-NOISE-0144,noise-product-0144,Noise Product 0144,Headwear,Generic catalog filler item 0144 for scale experiments.,Generic filler item 0144.,,44,,100,0.25,
175,CT-NOISE-0145,noise-product-0145,Noise Product 0145,Accessories,Generic catalog filler item 0145 for scale experiments.,Generic filler item 0145.,,45,,100,0.25,
176,CT-NOISE-0146,noise-product-0146,Noise Product 0146,Tees,Generic catalog filler item 0146 for scale experiments.,Generic filler item 0146.,,46,,100,0.25,
177,CT-NOISE-0147,noise-product-0147,Noise Product 0147,Hoodies,Generic catalog filler item 0147 for scale experiments.,Generic filler item 0147.,,47,,100,0.25,
178,CT-NOISE-0148,noise-product-0148,Noise Product 0148,Shirts,Generic catalog filler item 0148 for scale experiments.,Generic filler item 0148.,,48,,100,0.25,
179,CT-NOISE-0149,noise-product-0149,Noise Product 0149,Headwear,Generic catalog filler item 0149 for scale experiments.,Generic filler item 0149.,,49,,100,0.25,
180,CT-NOISE-0150,noise-product-0150,Noise Product 0150,Accessories,Generic catalog filler item 0150 for scale experiments.,Generic filler item 0150.,,50,,100,0.25,
181,CT-NOISE-0151,noise-product-0151,Noise Product 0151,Tees,Generic catalog filler item 0151 for scale experiments.,Generic filler item 0151.,,1,,100,0.25,
182,CT-NOISE-0152,noise-product-0152,Noise Product 0152,Hoodies,Generic catalog filler item 0152 for scale experiments.,Generic filler item 0152.,,2,,100,0.25,
183,CT-NOISE-0153,noise-product-0153,Noise Product 0153,Shirts,Generic catalog filler item 0153 for scale experiments.,Generic filler item 0153.,,3,,100,0.25,
184,CT-NOISE-0154,noise-product-0154,Noise Product 0154,Headwear,Generic catalog filler item 0154 for scale experiments.,Generic filler item 0154.,,4,,100,0.25,
185,CT-NOISE-0155,noise-product-0155,Noise Product 0155,Accessories,Generic catalog filler item 0155 for scale experiments.,Generic filler item 0155.,,5,,100,0.25,
186,CT-NOISE-0156,noise-product-0156,Noise Product 0156,Tees,Generic catalog filler item 0156 for scale experiments.,Generic filler item 0156.,,6,,100,0.25,
187,CT-NOISE-0157,noise-product-0157,Noise Product 0157,Hoodies,Generic catalog filler item 0157 for scale experiments.,Generic filler item 0157.,,7,,100,0.25,
188,CT-NOISE-0158,noise-product-0158,Noise Product 0158,Shirts,Generic catalog filler item 0158 for scale experiments.,Generic filler item 0158.,,8,,100,0.25,
189,CT-NOISE-0159,noise-product-0159,Noise Product 0159,Headwear,Generic catalog filler item 0159 for scale experiments.,Generic filler item 0159.,,9,,100,0.25,
190,CT-NOISE-0160,noise-product-0160,Noise Product 0160,Accessories,Generic catalog filler item 0160 for scale experiments.,Generic filler item 0160.,,10,,100,0.25,
191,CT-NOISE-0161,noise-product-0161,Noise Product 0161,Tees,Generic catalog filler item 0161 for scale experiments.,Generic filler item 0161.,,11,,100,0.25,
192,CT-NOISE-0162,noise-product-0162,Noise Product 0162,Hoodies,Generic catalog filler item 0162 for scale experiments.,Generic filler item 0162.,,12,,100,0.25,
193,CT-NOISE-0163,noise-product-0163,Noise Product 0163,Shirts,Generic catalog filler item 0163 for scale experiments.,Generic filler item 0163.,,13,,100,0.25,
194,CT-NOISE-0164,noise-product-0164,Noise Product 0164,Headwear,Generic catalog filler item 0164 for scale experiments.,Generic filler item 0164.,,14,,100,0.25,
195,CT-NOISE-0165,noise-product-0165,Noise Product 0165,Accessories,Generic catalog filler item 0165 for scale experiments.,Generic filler item 0165.,,15,,100,0.25,
196,CT-NOISE-0166,noise-product-0166,Noise Product 0166,Tees,Generic catalog filler item 0166 for scale experiments.,Generic filler item 0166.,,16,,100,0.25,
197,CT-NOISE-0167,noise-product-0167,Noise Product 0167,Hoodies,Generic catalog filler item 0167 for scale experiments.,Generic filler item 0167.,,17,,100,0.25,
198,CT-NOISE-0168,noise-product-0168,Noise Product 0168,Shirts,Generic catalog filler item 0168 for scale experiments.,Generic filler item 0168.,,18,,100,0.25,
199,CT-NOISE-0169,noise-product-0169,Noise Product 0169,Headwear,Generic catalog filler item 0169 for scale experiments.,Generic filler item 0169.,,19,,100,0.25,
200,CT-NOISE-0170,noise-product-0170,Noise Product 0170,Accessories,Generic catalog filler item 0170 for scale experiments.,Generic filler item 0170.,,20,,100,0.25,
201,CT-NOISE-0171,noise-product-0171,Noise Product 0171,Tees,Generic catalog filler item 0171 for scale experiments.,Generic filler item 0171.,,21,,100,0.25,
202,CT-NOISE-0172,noise-product-0172,Noise Product 0172,Hoodies,Generic catalog filler item 0172 for scale experiments.,Generic filler item 0172.,,22,,100,0.25,
203,CT-NOISE-0173,noise-product-0173,Noise Product 0173,Shirts,Generic catalog filler item 0173 for scale experiments.,Generic filler item 0173.,,23,,100,0.25,
204,CT-NOISE-0174,noise-product-0174,Noise Product 0174,Headwear,Generic catalog filler item 0174 for scale experiments.,Generic filler item 0174.,,24,,100,0.25,
205,CT-NOISE-0175,noise-product-0175,Noise Product 0175,Accessories,Generic catalog filler item 0175 for scale experiments.,Generic filler item 0175.,,25,,100,0.25,
206,CT-NOISE-0176,noise-product-0176,Noise Product 0176,Tees,Generic catalog filler item 0176 for scale experiments.,Generic filler item 0176.,,26,,100,0.25,
207,CT-NOISE-0177,noise-product-0177,Noise Product 0177,Hoodies,Generic catalog filler item 0177 for scale experiments.,Generic filler item 0177.,,27,,100,0.25,
208,CT-NOISE-0178,noise-product-0178,Noise Product 0178,Shirts,Generic catalog filler item 0178 for scale experiments.,Generic filler item 0178.,,28,,100,0.25,
209,CT-NOISE-0179,noise-product-0179,Noise Product 0179,Headwear,Generic catalog filler item 0179 for scale experiments.,Generic filler item 0179.,,29,,100,0.25,
210,CT-NOISE-0180,noise-product-0180,Noise Product 0180,Accessories,Generic catalog filler item 0180 for scale experiments.,Generic filler item 0180.,,30,,100,0.25,
211,CT-NOISE-0181,noise-product-0181,Noise Product 0181,Tees,Generic catalog filler item 0181 for scale experiments.,Generic filler item 0181.,,31,,100,0.25,
212,CT-NOISE-0182,noise-product-0182,Noise Product 0182,Hoodies,Generic catalog filler item 0182 for scale experiments.,Generic filler item 0182.,,32,,100,0.25,
213,CT-NOISE-0183,noise-product-0183,Noise Product 0183,Shirts,Generic catalog filler item 0183 for scale experiments.,Generic filler item 0183.,,33,,100,0.25,
214,CT-NOISE-0184,noise-product-0184,Noise Product 0184,Headwear,Generic catalog filler item 0184 for scale experiments.,Generic filler item 0184.,,34,,100,0.25,
215,CT-NOISE-0185,noise-product-0185,Noise Product 0185,Accessories,Generic catalog filler item 0185 for scale experiments.,Generic filler item 0185.,,35,,100,0.25,
216,CT-NOISE-0186,noise-product-0186,Noise Product 0186,Tees,Generic catalog filler item 0186 for scale experiments.,Generic filler item 0186.,,36,,100,0.25,
217,CT-NOISE-0187,noise-product-0187,Noise Product 0187,Hoodies,Generic catalog filler item 0187 for scale experiments.,Generic filler item 0187.,,37,,100,0.25,
218,CT-NOISE-0188,noise-product-0188,Noise Product 0188,Shirts,Generic catalog filler item 0188 for scale experiments.,Generic filler item 0188.,,38,,100,0.25,
219,CT-NOISE-0189,noise-product-0189,Noise Product 0189,Headwear,Generic catalog filler item 0189 for scale experiments.,Generic filler item 0189.,,39,,100,0.25,
220,CT-NOISE-0190,noise-product-0190,Noise Product 0190,Accessories,Generic catalog filler item 0190 for scale experiments.,Generic filler item 0190.,,40,,100,0.25,
221,CT-NOISE-0191,noise-product-0191,Noise Product 0191,Tees,Generic catalog filler item 0191 for scale experiments.,Generic filler item 0191.,,41,,100,0.25,
222,CT-NOISE-0192,noise-product-0192,Noise Product 0192,Hoodies,Generic catalog filler item 0192 for scale experiments.,Generic filler item 0192.,,42,,100,0.25,
223,CT-NOISE-0193,noise-product-0193,Noise Product 0193,Shirts,Generic catalog filler item 0193 for scale experiments.,Generic filler item 0193.,,43,,100,0.25,
224,CT-NOISE-0194,noise-product-0194,Noise Product 0194,Headwear,Generic catalog filler item 0194 for scale experiments.,Generic filler item 0194.,,44,,100,0.25,
225,CT-NOISE-0195,noise-product-0195,Noise Product 0195,Accessories,Generic catalog filler item 0195 for scale experiments.,Generic filler item 0195.,,45,,100,0.25,
226,CT-NOISE-0196,noise-product-0196,Noise Product 0196,Tees,Generic catalog filler item 0196 for scale experiments.,Generic filler item 0196.,,46,,100,0.25,
227,CT-NOISE-0197,noise-product-0197,Noise Product 0197,Hoodies,Generic catalog filler item 0197 for scale experiments.,Generic filler item 0197.,,47,,100,0.25,
228,CT-NOISE-0198,noise-product-0198,Noise Product 0198,Shirts,Generic catalog filler item 0198 for scale experiments.,Generic filler item 0198.,,48,,100,0.25,
229,CT-NOISE-0199,noise-product-0199,Noise Product 0199,Headwear,Generic catalog filler item 0199 for scale experiments.,Generic filler item 0199.,,49,,100,0.25,
230,CT-NOISE-0200,noise-product-0200,Noise Product 0200,Accessories,Generic catalog filler item 0200 for scale experiments.,Generic filler item 0200.,,50,,100,0.25,
231,CT-NOISE-0201,noise-product-0201,Noise Product 0201,Tees,Generic catalog filler item 0201 for scale experiments.,Generic filler item 0201.,,1,,100,0.25,
232,CT-NOISE-0202,noise-product-0202,Noise Product 0202,Hoodies,Generic catalog filler item 0202 for scale experiments.,Generic filler item 0202.,,2,,100,0.25,
233,CT-NOISE-0203,noise-product-0203,Noise Product 0203,Shirts,Generic catalog filler item 0203 for scale experiments.,Generic filler item 0203.,,3,,100,0.25,
234,CT-NOISE-0204,noise-product-0204,Noise Product 0204,Headwear,Generic catalog filler item 0204 for scale experiments.,Generic filler item 0204.,,4,,100,0.25,
235,CT-NOISE-0205,noise-product-0205,Noise Product 0205,Accessories,Generic catalog filler item 0205 for scale experiments.,Generic filler item 0205.,,5,,100,0.25,
236,CT-NOISE-0206,noise-product-0206,Noise Product 0206,Tees,Generic catalog filler item 0206 for scale experiments.,Generic filler item 0206.,,6,,100,0.25,
237,CT-NOISE-0207,noise-product-0207,Noise Product 0207,Hoodies,Generic catalog filler item 0207 for scale experiments.,Generic filler item 0207.,,7,,100,0.25,
238,CT-NOISE-0208,noise-product-0208,Noise Product 0208,Shirts,Generic catalog filler item 0208 for scale experiments.,Generic filler item 0208.,,8,,100,0.25,
239,CT-NOISE-0209,noise-product-0209,Noise Product 0209,Headwear,Generic catalog filler item 0209 for scale experiments.,Generic filler item 0209.,,9,,100,0.25,
240,CT-NOISE-0210,noise-product-0210,Noise Product 0210,Accessories,Generic catalog filler item 0210 for scale experiments.,Generic filler item 0210.,,10,,100,0.25,
241,CT-NOISE-0211,noise-product-0211,Noise Product 0211,Tees,Generic catalog filler item 0211 for scale experiments.,Generic filler item 0211.,,11,,100,0.25,
242,CT-NOISE-0212,noise-product-0212,Noise Product 0212,Hoodies,Generic catalog filler item 0212 for scale experiments.,Generic filler item 0212.,,12,,100,0.25,
243,CT-NOISE-0213,noise-product-0213,Noise Product 0213,Shirts,Generic catalog filler item 0213 for scale experiments.,Generic filler item 0213.,,13,,100,0.25,
244,CT-NOISE-0214,noise-product-0214,Noise Product 0214,Headwear,Generic catalog filler item 0214 for scale experiments.,Generic filler item 0214.,,14,,100,0.25,
245,CT-NOISE-0215,noise-product-0215,Noise Product 0215,Accessories,Generic catalog filler item 0215 for scale experiments.,Generic filler item 0215.,,15,,100,0.25,
246,CT-NOISE-0216,noise-product-0216,Noise Product 0216,Tees,Generic catalog filler item 0216 for scale experiments.,Generic filler item 0216.,,16,,100,0.25,
247,CT-NOISE-0217,noise-product-0217,Noise Product 0217,Hoodies,Generic catalog filler item 0217 for scale experiments.,Generic filler item 0217.,,17,,100,0.25,
248,CT-NOISE-0218,noise-product-0218,Noise Product 0218,Shirts,Generic catalog filler item 0218 for scale experiments.,Generic filler item 0218.,,18,,100,0.25,
249,CT-NOISE-0219,noise-product-0219,Noise Product 0219,Headwear,Generic catalog filler item 0219 for scale experiments.,Generic filler item 0219.,,19,,100,0.25,
250,CT-NOISE-0220,noise-product-0220,Noise Product 0220,Accessories,Generic catalog filler item 0220 for scale experiments.,Generic filler item 0220.,,20,,100,0.25,
251,CT-NOISE-0221,noise-product-0221,Noise Product 0221,Tees,Generic catalog filler item 0221 for scale experiments.,Generic filler item 0221.,,21,,100,0.25,
252,CT-NOISE-0222,noise-product-0222,Noise Product 0222,Hoodies,Generic catalog filler item 0222 for scale experiments.,Generic filler item 0222.,,22,,100,0.25,
253,CT-NOISE-0223,noise-product-0223,Noise Product 0223,Shirts,Generic catalog filler item 0223 for scale experiments.,Generic filler item 0223.,,23,,100,0.25,
254,CT-NOISE-0224,noise-product-0224,Noise Product 0224,Headwear,Generic catalog filler item 0224 for scale experiments.,Generic filler item 0224.,,24,,100,0.25,
255,CT-NOISE-0225,noise-product-0225,Noise Product 0225,Accessories,Generic catalog filler item 0225 for scale experiments.,Generic filler item 0225.,,25,,100,0.25,
256,CT-NOISE-0226,noise-product-0226,Noise Product 0226,Tees,Generic catalog filler item 0226 for scale experiments.,Generic filler item 0226.,,26,,100,0.25,
257,CT-NOISE-0227,noise-product-0227,Noise Product 0227,Hoodies,Generic catalog filler item 0227 for scale experiments.,Generic filler item 0227.,,27,,100,0.25,
258,CT-NOISE-0228,noise-product-0228,Noise Product 0228,Shirts,Generic catalog filler item 0228 for scale experiments.,Generic filler item 0228.,,28,,100,0.25,
259,CT-NOISE-0229,noise-product-0229,Noise Product 0229,Headwear,Generic catalog filler item 0229 for scale experiments.,Generic filler item 0229.,,29,,100,0.25,
260,CT-NOISE-0230,noise-product-0230,Noise Product 0230,Accessories,Generic catalog filler item 0230 for scale experiments.,Generic filler item 0230.,,30,,100,0.25,
261,CT-NOISE-0231,noise-product-0231,Noise Product 0231,Tees,Generic catalog filler item 0231 for scale experiments.,Generic filler item 0231.,,31,,100,0.25,
262,CT-NOISE-0232,noise-product-0232,Noise Product 0232,Hoodies,Generic catalog filler item 0232 for scale experiments.,Generic filler item 0232.,,32,,100,0.25,
263,CT-NOISE-0233,noise-product-0233,Noise Product 0233,Shirts,Generic catalog filler item 0233 for scale experiments.,Generic filler item 0233.,,33,,100,0.25,
264,CT-NOISE-0234,noise-product-0234,Noise Product 0234,Headwear,Generic catalog filler item 0234 for scale experiments.,Generic filler item 0234.,,34,,100,0.25,
265,CT-NOISE-0235,noise-product-0235,Noise Product 0235,Accessories,Generic catalog filler item 0235 for scale experiments.,Generic filler item 0235.,,35,,100,0.25,
266,CT-NOISE-0236,noise-product-0236,Noise Product 0236,Tees,Generic catalog filler item 0236 for scale experiments.,Generic filler item 0236.,,36,,100,0.25,
267,CT-NOISE-0237,noise-product-0237,Noise Product 0237,Hoodies,Generic catalog filler item 0237 for scale experiments.,Generic filler item 0237.,,37,,100,0.25,
268,CT-NOISE-0238,noise-product-0238,Noise Product 0238,Shirts,Generic catalog filler item 0238 for scale experiments.,Generic filler item 0238.,,38,,100,0.25,
269,CT-NOISE-0239,noise-product-0239,Noise Product 0239,Headwear,Generic catalog filler item 0239 for scale experiments.,Generic filler item 0239.,,39,,100,0.25,
270,CT-NOISE-0240,noise-product-0240,Noise Product 0240,Accessories,Generic catalog filler item 0240 for scale experiments.,Generic filler item 0240.,,40,,100,0.25,
271,CT-NOISE-0241,noise-product-0241,Noise Product 0241,Tees,Generic catalog filler item 0241 for scale experiments.,Generic filler item 0241.,,41,,100,0.25,
272,CT-NOISE-0242,noise-product-0242,Noise Product 0242,Hoodies,Generic catalog filler item 0242 for scale experiments.,Generic filler item 0242.,,42,,100,0.25,
273,CT-NOISE-0243,noise-product-0243,Noise Product 0243,Shirts,Generic catalog filler item 0243 for scale experiments.,Generic filler item 0243.,,43,,100,0.25,
274,CT-NOISE-0244,noise-product-0244,Noise Product 0244,Headwear,Generic catalog filler item 0244 for scale experiments.,Generic filler item 0244.,,44,,100,0.25,
275,CT-NOISE-0245,noise-product-0245,Noise Product 0245,Accessories,Generic catalog filler item 0245 for scale experiments.,Generic filler item 0245.,,45,,100,0.25,
276,CT-NOISE-0246,noise-product-0246,Noise Product 0246,Tees,Generic catalog filler item 0246 for scale experiments.,Generic filler item 0246.,,46,,100,0.25,
277,CT-NOISE-0247,noise-product-0247,Noise Product 0247,Hoodies,Generic catalog filler item 0247 for scale experiments.,Generic filler item 0247.,,47,,100,0.25,
278,CT-NOISE-0248,noise-product-0248,Noise Product 0248,Shirts,Generic catalog filler item 0248 for scale experiments.,Generic filler item 0248.,,48,,100,0.25,
279,CT-NOISE-0249,noise-product-0249,Noise Product 0249,Headwear,Generic catalog filler item 0249 for scale experiments.,Generic filler item 0249.,,49,,100,0.25,
280,CT-NOISE-0250,noise-product-0250,Noise Product 0250,Accessories,Generic catalog filler item 0250 for scale experiments.,Generic filler item 0250.,,50,,100,0.25,
281,CT-NOISE-0251,noise-product-0251,Noise Product 0251,Tees,Generic catalog filler item 0251 for scale experiments.,Generic filler item 0251.,,1,,100,0.25,
282,CT-NOISE-0252,noise-product-0252,Noise Product 0252,Hoodies,Generic catalog filler item 0252 for scale experiments.,Generic filler item 0252.,,2,,100,0.25,
283,CT-NOISE-0253,noise-product-0253,Noise Product 0253,Shirts,Generic catalog filler item 0253 for scale experiments.,Generic filler item 0253.,,3,,100,0.25,
284,CT-NOISE-0254,noise-product-0254,Noise Product 0254,Headwear,Generic catalog filler item 0254 for scale experiments.,Generic filler item 0254.,,4,,100,0.25,
285,CT-NOISE-0255,noise-product-0255,Noise Product 0255,Accessories,Generic catalog filler item 0255 for scale experiments.,Generic filler item 0255.,,5,,100,0.25,
286,CT-NOISE-0256,noise-product-0256,Noise Product 0256,Tees,Generic catalog filler item 0256 for scale experiments.,Generic filler item 0256.,,6,,100,0.25,
287,CT-NOISE-0257,noise-product-0257,Noise Product 0257,Hoodies,Generic catalog filler item 0257 for scale experiments.,Generic filler item 0257.,,7,,100,0.25,
288,CT-NOISE-0258,noise-product-0258,Noise Product 0258,Shirts,Generic catalog filler item 0258 for scale experiments.,Generic filler item 0258.,,8,,100,0.25,
289,CT-NOISE-0259,noise-product-0259,Noise Product 0259,Headwear,Generic catalog filler item 0259 for scale experiments.,Generic filler item 0259.,,9,,100,0.25,
290,CT-NOISE-0260,noise-product-0260,Noise Product 0260,Accessories,Generic catalog filler item 0260 for scale experiments.,Generic filler item 0260.,,10,,100,0.25,
291,CT-NOISE-0261,noise-product-0261,Noise Product 0261,Tees,Generic catalog filler item 0261 for scale experiments.,Generic filler item 0261.,,11,,100,0.25,
292,CT-NOISE-0262,noise-product-0262,Noise Product 0262,Hoodies,Generic catalog filler item 0262 for scale experiments.,Generic filler item 0262.,,12,,100,0.25,
293,CT-NOISE-0263,noise-product-0263,Noise Product 0263,Shirts,Generic catalog filler item 0263 for scale experiments.,Generic filler item 0263.,,13,,100,0.25,
294,CT-NOISE-0264,noise-product-0264,Noise Product 0264,Headwear,Generic catalog filler item 0264 for scale experiments.,Generic filler item 0264.,,14,,100,0.25,
295,CT-NOISE-0265,noise-product-0265,Noise Product 0265,Accessories,Generic catalog filler item 0265 for scale experiments.,Generic filler item 0265.,,15,,100,0.25,
296,CT-NOISE-0266,noise-product-0266,Noise Product 0266,Tees,Generic catalog filler item 0266 for scale experiments.,Generic filler item 0266.,,16,,100,0.25,
297,CT-NOISE-0267,noise-product-0267,Noise Product 0267,Hoodies,Generic catalog filler item 0267 for scale experiments.,Generic filler item 0267.,,17,,100,0.25,
298,CT-NOISE-0268,noise-product-0268,Noise Product 0268,Shirts,Generic catalog filler item 0268 for scale experiments.,Generic filler item 0268.,,18,,100,0.25,
299,CT-NOISE-0269,noise-product-0269,Noise Product 0269,Headwear,Generic catalog filler item 0269 for scale experiments.,Generic filler item 0269.,,19,,100,0.25,
300,CT-NOISE-0270,noise-product-0270,Noise Product 0270,Accessories,Generic catalog filler item 0270 for scale experiments.,Generic filler item 0270.,,20,,100,0.25,
301,CT-NOISE-0271,noise-product-0271,Noise Product 0271,Tees,Generic catalog filler item 0271 for scale experiments.,Generic filler item 0271.,,21,,100,0.25,
302,CT-NOISE-0272,noise-product-0272,Noise Product 0272,Hoodies,Generic catalog filler item 0272 for scale experiments.,Generic filler item 0272.,,22,,100,0.25,
303,CT-NOISE-0273,noise-product-0273,Noise Product 0273,Shirts,Generic catalog filler item 0273 for scale experiments.,Generic filler item 0273.,,23,,100,0.25,
304,CT-NOISE-0274,noise-product-0274,Noise Product 0274,Headwear,Generic catalog filler item 0274 for scale experiments.,Generic filler item 0274.,,24,,100,0.25,
305,CT-NOISE-0275,noise-product-0275,Noise Product 0275,Accessories,Generic catalog filler item 0275 for scale experiments.,Generic filler item 0275.,,25,,100,0.25,
306,CT-NOISE-0276,noise-product-0276,Noise Product 0276,Tees,Generic catalog filler item 0276 for scale experiments.,Generic filler item 0276.,,26,,100,0.25,
307,CT-NOISE-0277,noise-product-0277,Noise Product 0277,Hoodies,Generic catalog filler item 0277 for scale experiments.,Generic filler item 0277.,,27,,100,0.25,
308,CT-NOISE-0278,noise-product-0278,Noise Product 0278,Shirts,Generic catalog filler item 0278 for scale experiments.,Generic filler item 0278.,,28,,100,0.25,
309,CT-NOISE-0279,noise-product-0279,Noise Product 0279,Headwear,Generic catalog filler item 0279 for scale experiments.,Generic filler item 0279.,,29,,100,0.25,
310,CT-NOISE-0280,noise-product-0280,Noise Product 0280,Accessories,Generic catalog filler item 0280 for scale experiments.,Generic filler item 0280.,,30,,100,0.25,
311,CT-NOISE-0281,noise-product-0281,Noise Product 0281,Tees,Generic catalog filler item 0281 for scale experiments.,Generic filler item 0281.,,31,,100,0.25,
312,CT-NOISE-0282,noise-product-0282,Noise Product 0282,Hoodies,Generic catalog filler item 0282 for scale experiments.,Generic filler item 0282.,,32,,100,0.25,
313,CT-NOISE-0283,noise-product-0283,Noise Product 0283,Shirts,Generic catalog filler item 0283 for scale experiments.,Generic filler item 0283.,,33,,100,0.25,
314,CT-NOISE-0284,noise-product-0284,Noise Product 0284,Headwear,Generic catalog filler item 0284 for scale experiments.,Generic filler item 0284.,,34,,100,0.25,
315,CT-NOISE-0285,noise-product-0285,Noise Product 0285,Accessories,Generic catalog filler item 0285 for scale experiments.,Generic filler item 0285.,,35,,100,0.25,
316,CT-NOISE-0286,noise-product-0286,Noise Product 0286,Tees,Generic catalog filler item 0286 for scale experiments.,Generic filler item 0286.,,36,,100,0.25,
317,CT-NOISE-0287,noise-product-0287,Noise Product 0287,Hoodies,Generic catalog filler item 0287 for scale experiments.,Generic filler item 0287.,,37,,100,0.25,
318,CT-NOISE-0288,noise-product-0288,Noise Product 0288,Shirts,Generic catalog filler item 0288 for scale experiments.,Generic filler item 0288.,,38,,100,0.25,
319,CT-NOISE-0289,noise-product-0289,Noise Product 0289,Headwear,Generic catalog filler item 0289 for scale experiments.,Generic filler item 0289.,,39,,100,0.25,
320,CT-NOISE-0290,noise-product-0290,Noise Product 0290,Accessories,Generic catalog filler item 0290 for scale experiments.,Generic filler item 0290.,,40,,100,0.25,
321,CT-NOISE-0291,noise-product-0291,Noise Product 0291,Tees,Generic catalog filler item 0291 for scale experiments.,Generic filler item 0291.,,41,,100,0.25,
322,CT-NOISE-0292,noise-product-0292,Noise Product 0292,Hoodies,Generic catalog filler item 0292 for scale experiments.,Generic filler item 0292.,,42,,100,0.25,
323,CT-NOISE-0293,noise-product-0293,Noise Product 0293,Shirts,Generic catalog filler item 0293 for scale experiments.,Generic filler item 0293.,,43,,100,0.25,
324,CT-NOISE-0294,noise-product-0294,Noise Product 0294,Headwear,Generic catalog filler item 0294 for scale experiments.,Generic filler item 0294.,,44,,100,0.25,
325,CT-NOISE-0295,noise-product-0295,Noise Product 0295,Accessories,Generic catalog filler item 0295 for scale experiments.,Generic filler item 0295.,,45,,100,0.25,
326,CT-NOISE-0296,noise-product-0296,Noise Product 0296,Tees,Generic catalog filler item 0296 for scale experiments.,Generic filler item 0296.,,46,,100,0.25,
327,CT-NOISE-0297,noise-product-0297,Noise Product 0297,Hoodies,Generic catalog filler item 0297 for scale experiments.,Generic filler item 0297.,,47,,100,0.25,
328,CT-NOISE-0298,noise-product-0298,Noise Product 0298,Shirts,Generic catalog filler item 0298 for scale experiments.,Generic filler item 0298.,,48,,100,0.25,
329,CT-NOISE-0299,noise-product-0299,Noise Product 0299,Headwear,Generic catalog filler item 0299 for scale experiments.,Generic filler item 0299.,,49,,100,0.25,
330,CT-NOISE-0300,noise-product-0300,Noise Product 0300,Accessories,Generic catalog filler item 0300 for scale experiments.,Generic filler item 0300.,,50,,100,0.25,
331,CT-NOISE-0301,noise-product-0301,Noise Product 0301,Tees,Generic catalog filler item 0301 for scale experiments.,Generic filler item 0301.,,1,,100,0.25,
332,CT-NOISE-0302,noise-product-0302,Noise Product 0302,Hoodies,Generic catalog filler item 0302 for scale experiments.,Generic filler item 0302.,,2,,100,0.25,
333,CT-NOISE-0303,noise-product-0303,Noise Product 0303,Shirts,Generic catalog filler item 0303 for scale experiments.,Generic filler item 0303.,,3,,100,0.25,
334,CT-NOISE-0304,noise-product-0304,Noise Product 0304,Headwear,Generic catalog filler item 0304 for scale experiments.,Generic filler item 0304.,,4,,100,0.25,
335,CT-NOISE-0305,noise-product-0305,Noise Product 0305,Accessories,Generic catalog filler item 0305 for scale experiments.,Generic filler item 0305.,,5,,100,0.25,
336,CT-NOISE-0306,noise-product-0306,Noise Product 0306,Tees,Generic catalog filler item 0306 for scale experiments.,Generic filler item 0306.,,6,,100,0.25,
337,CT-NOISE-0307,noise-product-0307,Noise Product 0307,Hoodies,Generic catalog filler item 0307 for scale experiments.,Generic filler item 0307.,,7,,100,0.25,
338,CT-NOISE-0308,noise-product-0308,Noise Product 0308,Shirts,Generic catalog filler item 0308 for scale experiments.,Generic filler item 0308.,,8,,100,0.25,
339,CT-NOISE-0309,noise-product-0309,Noise Product 0309,Headwear,Generic catalog filler item 0309 for scale experiments.,Generic filler item 0309.,,9,,100,0.25,
340,CT-NOISE-0310,noise-product-0310,Noise Product 0310,Accessories,Generic catalog filler item 0310 for scale experiments.,Generic filler item 0310.,,10,,100,0.25,
341,CT-NOISE-0311,noise-product-0311,Noise Product 0311,Tees,Generic catalog filler item 0311 for scale experiments.,Generic filler item 0311.,,11,,100,0.25,
342,CT-NOISE-0312,noise-product-0312,Noise Product 0312,Hoodies,Generic catalog filler item 0312 for scale experiments.,Generic filler item 0312.,,12,,100,0.25,
343,CT-NOISE-0313,noise-product-0313,Noise Product 0313,Shirts,Generic catalog filler item 0313 for scale experiments.,Generic filler item 0313.,,13,,100,0.25,
344,CT-NOISE-0314,noise-product-0314,Noise Product 0314,Headwear,Generic catalog filler item 0314 for scale experiments.,Generic filler item 0314.,,14,,100,0.25,
345,CT-NOISE-0315,noise-product-0315,Noise Product 0315,Accessories,Generic catalog filler item 0315 for scale experiments.,Generic filler item 0315.,,15,,100,0.25,
346,CT-NOISE-0316,noise-product-0316,Noise Product 0316,Tees,Generic catalog filler item 0316 for scale experiments.,Generic filler item 0316.,,16,,100,0.25,
347,CT-NOISE-0317,noise-product-0317,Noise Product 0317,Hoodies,Generic catalog filler item 0317 for scale experiments.,Generic filler item 0317.,,17,,100,0.25,
348,CT-NOISE-0318,noise-product-0318,Noise Product 0318,Shirts,Generic catalog filler item 0318 for scale experiments.,Generic filler item 0318.,,18,,100,0.25,
349,CT-NOISE-0319,noise-product-0319,Noise Product 0319,Headwear,Generic catalog filler item 0319 for scale experiments.,Generic filler item 0319.,,19,,100,0.25,
350,CT-NOISE-0320,noise-product-0320,Noise Product 0320,Accessories,Generic catalog filler item 0320 for scale experiments.,Generic filler item 0320.,,20,,100,0.25,
351,CT-NOISE-0321,noise-product-0321,Noise Product 0321,Tees,Generic catalog filler item 0321 for scale experiments.,Generic filler item 0321.,,21,,100,0.25,
352,CT-NOISE-0322,noise-product-0322,Noise Product 0322,Hoodies,Generic catalog filler item 0322 for scale experiments.,Generic filler item 0322.,,22,,100,0.25,
353,CT-NOISE-0323,noise-product-0323,Noise Product 0323,Shirts,Generic catalog filler item 0323 for scale experiments.,Generic filler item 0323.,,23,,100,0.25,
354,CT-NOISE-0324,noise-product-0324,Noise Product 0324,Headwear,Generic catalog filler item 0324 for scale experiments.,Generic filler item 0324.,,24,,100,0.25,
355,CT-NOISE-0325,noise-product-0325,Noise Product 0325,Accessories,Generic catalog filler item 0325 for scale experiments.,Generic filler item 0325.,,25,,100,0.25,
356,CT-NOISE-0326,noise-product-0326,Noise Product 0326,Tees,Generic catalog filler item 0326 for scale experiments.,Generic filler item 0326.,,26,,100,0.25,
357,CT-NOISE-0327,noise-product-0327,Noise Product 0327,Hoodies,Generic catalog filler item 0327 for scale experiments.,Generic filler item 0327.,,27,,100,0.25,
358,CT-NOISE-0328,noise-product-0328,Noise Product 0328,Shirts,Generic catalog filler item 0328 for scale experiments.,Generic filler item 0328.,,28,,100,0.25,
359,CT-NOISE-0329,noise-product-0329,Noise Product 0329,Headwear,Generic catalog filler item 0329 for scale experiments.,Generic filler item 0329.,,29,,100,0.25,
360,CT-NOISE-0330,noise-product-0330,Noise Product 0330,Accessories,Generic catalog filler item 0330 for scale experiments.,Generic filler item 0330.,,30,,100,0.25,
361,CT-NOISE-0331,noise-product-0331,Noise Product 0331,Tees,Generic catalog filler item 0331 for scale experiments.,Generic filler item 0331.,,31,,100,0.25,
362,CT-NOISE-0332,noise-product-0332,Noise Product 0332,Hoodies,Generic catalog filler item 0332 for scale experiments.,Generic filler item 0332.,,32,,100,0.25,
363,CT-NOISE-0333,noise-product-0333,Noise Product 0333,Shirts,Generic catalog filler item 0333 for scale experiments.,Generic filler item 0333.,,33,,100,0.25,
364,CT-NOISE-0334,noise-product-0334,Noise Product 0334,Headwear,Generic catalog filler item 0334 for scale experiments.,Generic filler item 0334.,,34,,100,0.25,
365,CT-NOISE-0335,noise-product-0335,Noise Product 0335,Accessories,Generic catalog filler item 0335 for scale experiments.,Generic filler item 0335.,,35,,100,0.25,
366,CT-NOISE-0336,noise-product-0336,Noise Product 0336,Tees,Generic catalog filler item 0336 for scale experiments.,Generic filler item 0336.,,36,,100,0.25,
367,CT-NOISE-0337,noise-product-0337,Noise Product 0337,Hoodies,Generic catalog filler item 0337 for scale experiments.,Generic filler item 0337.,,37,,100,0.25,
368,CT-NOISE-0338,noise-product-0338,Noise Product 0338,Shirts,Generic catalog filler item 0338 for scale experiments.,Generic filler item 0338.,,38,,100,0.25,
369,CT-NOISE-0339,noise-product-0339,Noise Product 0339,Headwear,Generic catalog filler item 0339 for scale experiments.,Generic filler item 0339.,,39,,100,0.25,
370,CT-NOISE-0340,noise-product-0340,Noise Product 0340,Accessories,Generic catalog filler item 0340 for scale experiments.,Generic filler item 0340.,,40,,100,0.25,
371,CT-NOISE-0341,noise-product-0341,Noise Product 0341,Tees,Generic catalog filler item 0341 for scale experiments.,Generic filler item 0341.,,41,,100,0.25,
372,CT-NOISE-0342,noise-product-0342,Noise Product 0342,Hoodies,Generic catalog filler item 0342 for scale experiments.,Generic filler item 0342.,,42,,100,0.25,
373,CT-NOISE-0343,noise-product-0343,Noise Product 0343,Shirts,Generic catalog filler item 0343 for scale experiments.,Generic filler item 0343.,,43,,100,0.25,
374,CT-NOISE-0344,noise-product-0344,Noise Product 0344,Headwear,Generic catalog filler item 0344 for scale experiments.,Generic filler item 0344.,,44,,100,0.25,
375,CT-NOISE-0345,noise-product-0345,Noise Product 0345,Accessories,Generic catalog filler item 0345 for scale experiments.,Generic filler item 0345.,,45,,100,0.25,
376,CT-NOISE-0346,noise-product-0346,Noise Product 0346,Tees,Generic catalog filler item 0346 for scale experiments.,Generic filler item 0346.,,46,,100,0.25,
377,CT-NOISE-0347,noise-product-0347,Noise Product 0347,Hoodies,Generic catalog filler item 0347 for scale experiments.,Generic filler item 0347.,,47,,100,0.25,
378,CT-NOISE-0348,noise-product-0348,Noise Product 0348,Shirts,Generic catalog filler item 0348 for scale experiments.,Generic filler item 0348.,,48,,100,0.25,
379,CT-NOISE-0349,noise-product-0349,Noise Product 0349,Headwear,Generic catalog filler item 0349 for scale experiments.,Generic filler item 0349.,,49,,100,0.25,
380,CT-NOISE-0350,noise-product-0350,Noise Product 0350,Accessories,Generic catalog filler item 0350 for scale experiments.,Generic filler item 0350.,,50,,100,0.25,
381,CT-NOISE-0351,noise-product-0351,Noise Product 0351,Tees,Generic catalog filler item 0351 for scale experiments.,Generic filler item 0351.,,1,,100,0.25,
382,CT-NOISE-0352,noise-product-0352,Noise Product 0352,Hoodies,Generic catalog filler item 0352 for scale experiments.,Generic filler item 0352.,,2,,100,0.25,
383,CT-NOISE-0353,noise-product-0353,Noise Product 0353,Shirts,Generic catalog filler item 0353 for scale experiments.,Generic filler item 0353.,,3,,100,0.25,
384,CT-NOISE-0354,noise-product-0354,Noise Product 0354,Headwear,Generic catalog filler item 0354 for scale experiments.,Generic filler item 0354.,,4,,100,0.25,
385,CT-NOISE-0355,noise-product-0355,Noise Product 0355,Accessories,Generic catalog filler item 0355 for scale experiments.,Generic filler item 0355.,,5,,100,0.25,
386,CT-NOISE-0356,noise-product-0356,Noise Product 0356,Tees,Generic catalog filler item 0356 for scale experiments.,Generic filler item 0356.,,6,,100,0.25,
387,CT-NOISE-0357,noise-product-0357,Noise Product 0357,Hoodies,Generic catalog filler item 0357 for scale experiments.,Generic filler item 0357.,,7,,100,0.25,
388,CT-NOISE-0358,noise-product-0358,Noise Product 0358,Shirts,Generic catalog filler item 0358 for scale experiments.,Generic filler item 0358.,,8,,100,0.25,
389,CT-NOISE-0359,noise-product-0359,Noise Product 0359,Headwear,Generic catalog filler item 0359 for scale experiments.,Generic filler item 0359.,,9,,100,0.25,
390,CT-NOISE-0360,noise-product-0360,Noise Product 0360,Accessories,Generic catalog filler item 0360 for scale experiments.,Generic filler item 0360.,,10,,100,0.25,
391,CT-NOISE-0361,noise-product-0361,Noise Product 0361,Tees,Generic catalog filler item 0361 for scale experiments.,Generic filler item 0361.,,11,,100,0.25,
392,CT-NOISE-0362,noise-product-0362,Noise Product 0362,Hoodies,Generic catalog filler item 0362 for scale experiments.,Generic filler item 0362.,,12,,100,0.25,
393,CT-NOISE-0363,noise-product-0363,Noise Product 0363,Shirts,Generic catalog filler item 0363 for scale experiments.,Generic filler item 0363.,,13,,100,0.25,
394,CT-NOISE-0364,noise-product-0364,Noise Product 0364,Headwear,Generic catalog filler item 0364 for scale experiments.,Generic filler item 0364.,,14,,100,0.25,
395,CT-NOISE-0365,noise-product-0365,Noise Product 0365,Accessories,Generic catalog filler item 0365 for scale experiments.,Generic filler item 0365.,,15,,100,0.25,
396,CT-NOISE-0366,noise-product-0366,Noise Product 0366,Tees,Generic catalog filler item 0366 for scale experiments.,Generic filler item 0366.,,16,,100,0.25,
397,CT-NOISE-0367,noise-product-0367,Noise Product 0367,Hoodies,Generic catalog filler item 0367 for scale experiments.,Generic filler item 0367.,,17,,100,0.25,
398,CT-NOISE-0368,noise-product-0368,Noise Product 0368,Shirts,Generic catalog filler item 0368 for scale experiments.,Generic filler item 0368.,,18,,100,0.25,
399,CT-NOISE-0369,noise-product-0369,Noise Product 0369,Headwear,Generic catalog filler item 0369 for scale experiments.,Generic filler item 0369.,,19,,100,0.25,
400,CT-NOISE-0370,noise-product-0370,Noise Product 0370,Accessories,Generic catalog filler item 0370 for scale experiments.,Generic filler item 0370.,,20,,100,0.25,
401,CT-NOISE-0371,noise-product-0371,Noise Product 0371,Tees,Generic catalog filler item 0371 for scale experiments.,Generic filler item 0371.,,21,,100,0.25,
402,CT-NOISE-0372,noise-product-0372,Noise Product 0372,Hoodies,Generic catalog filler item 0372 for scale experiments.,Generic filler item 0372.,,22,,100,0.25,
403,CT-NOISE-0373,noise-product-0373,Noise Product 0373,Shirts,Generic catalog filler item 0373 for scale experiments.,Generic filler item 0373.,,23,,100,0.25,
404,CT-NOISE-0374,noise-product-0374,Noise Product 0374,Headwear,Generic catalog filler item 0374 for scale experiments.,Generic filler item 0374.,,24,,100,0.25,
405,CT-NOISE-0375,noise-product-0375,Noise Product 0375,Accessories,Generic catalog filler item 0375 for scale experiments.,Generic filler item 0375.,,25,,100,0.25,
406,CT-NOISE-0376,noise-product-0376,Noise Product 0376,Tees,Generic catalog filler item 0376 for scale experiments.,Generic filler item 0376.,,26,,100,0.25,
407,CT-NOISE-0377,noise-product-0377,Noise Product 0377,Hoodies,Generic catalog filler item 0377 for scale experiments.,Generic filler item 0377.,,27,,100,0.25,
408,CT-NOISE-0378,noise-product-0378,Noise Product 0378,Shirts,Generic catalog filler item 0378 for scale experiments.,Generic filler item 0378.,,28,,100,0.25,
409,CT-NOISE-0379,noise-product-0379,Noise Product 0379,Headwear,Generic catalog filler item 0379 for scale experiments.,Generic filler item 0379.,,29,,100,0.25,
410,CT-NOISE-0380,noise-product-0380,Noise Product 0380,Accessories,Generic catalog filler item 0380 for scale experiments.,Generic filler item 0380.,,30,,100,0.25,
411,CT-NOISE-0381,noise-product-0381,Noise Product 0381,Tees,Generic catalog filler item 0381 for scale experiments.,Generic filler item 0381.,,31,,100,0.25,
412,CT-NOISE-0382,noise-product-0382,Noise Product 0382,Hoodies,Generic catalog filler item 0382 for scale experiments.,Generic filler item 0382.,,32,,100,0.25,
413,CT-NOISE-0383,noise-product-0383,Noise Product 0383,Shirts,Generic catalog filler item 0383 for scale experiments.,Generic filler item 0383.,,33,,100,0.25,
414,CT-NOISE-0384,noise-product-0384,Noise Product 0384,Headwear,Generic catalog filler item 0384 for scale experiments.,Generic filler item 0384.,,34,,100,0.25,
415,CT-NOISE-0385,noise-product-0385,Noise Product 0385,Accessories,Generic catalog filler item 0385 for scale experiments.,Generic filler item 0385.,,35,,100,0.25,
416,CT-NOISE-0386,noise-product-0386,Noise Product 0386,Tees,Generic catalog filler item 0386 for scale experiments.,Generic filler item 0386.,,36,,100,0.25,
417,CT-NOISE-0387,noise-product-0387,Noise Product 0387,Hoodies,Generic catalog filler item 0387 for scale experiments.,Generic filler item 0387.,,37,,100,0.25,
418,CT-NOISE-0388,noise-product-0388,Noise Product 0388,Shirts,Generic catalog filler item 0388 for scale experiments.,Generic filler item 0388.,,38,,100,0.25,
419,CT-NOISE-0389,noise-product-0389,Noise Product 0389,Headwear,Generic catalog filler item 0389 for scale experiments.,Generic filler item 0389.,,39,,100,0.25,
420,CT-NOISE-0390,noise-product-0390,Noise Product 0390,Accessories,Generic catalog filler item 0390 for scale experiments.,Generic filler item 0390.,,40,,100,0.25,
421,CT-NOISE-0391,noise-product-0391,Noise Product 0391,Tees,Generic catalog filler item 0391 for scale experiments.,Generic filler item 0391.,,41,,100,0.25,
422,CT-NOISE-0392,noise-product-0392,Noise Product 0392,Hoodies,Generic catalog filler item 0392 for scale experiments.,Generic filler item 0392.,,42,,100,0.25,
423,CT-NOISE-0393,noise-product-0393,Noise Product 0393,Shirts,Generic catalog filler item 0393 for scale experiments.,Generic filler item 0393.,,43,,100,0.25,
424,CT-NOISE-0394,noise-product-0394,Noise Product 0394,Headwear,Generic catalog filler item 0394 for scale experiments.,Generic filler item 0394.,,44,,100,0.25,
425,CT-NOISE-0395,noise-product-0395,Noise Product 0395,Accessories,Generic catalog filler item 0395 for scale experiments.,Generic filler item 0395.,,45,,100,0.25,
426,CT-NOISE-0396,noise-product-0396,Noise Product 0396,Tees,Generic catalog filler item 0396 for scale experiments.,Generic filler item 0396.,,46,,100,0.25,
427,CT-NOISE-0397,noise-product-0397,Noise Product 0397,Hoodies,Generic catalog filler item 0397 for scale experiments.,Generic filler item 0397.,,47,,100,0.25,
428,CT-NOISE-0398,noise-product-0398,Noise Product 0398,Shirts,Generic catalog filler item 0398 for scale experiments.,Generic filler item 0398.,,48,,100,0.25,
429,CT-NOISE-0399,noise-product-0399,Noise Product 0399,Headwear,Generic catalog filler item 0399 for scale experiments.,Generic filler item 0399.,,49,,100,0.25,
430,CT-NOISE-0400,noise-product-0400,Noise Product 0400,Accessories,Generic catalog filler item 0400 for scale experiments.,Generic filler item 0400.,,50,,100,0.25,
431,CT-NOISE-0401,noise-product-0401,Noise Product 0401,Tees,Generic catalog filler item 0401 for scale experiments.,Generic filler item 0401.,,1,,100,0.25,
432,CT-NOISE-0402,noise-product-0402,Noise Product 0402,Hoodies,Generic catalog filler item 0402 for scale experiments.,Generic filler item 0402.,,2,,100,0.25,
433,CT-NOISE-0403,noise-product-0403,Noise Product 0403,Shirts,Generic catalog filler item 0403 for scale experiments.,Generic filler item 0403.,,3,,100,0.25,
434,CT-NOISE-0404,noise-product-0404,Noise Product 0404,Headwear,Generic catalog filler item 0404 for scale experiments.,Generic filler item 0404.,,4,,100,0.25,
435,CT-NOISE-0405,noise-product-0405,Noise Product 0405,Accessories,Generic catalog filler item 0405 for scale experiments.,Generic filler item 0405.,,5,,100,0.25,
436,CT-NOISE-0406,noise-product-0406,Noise Product 0406,Tees,Generic catalog filler item 0406 for scale experiments.,Generic filler item 0406.,,6,,100,0.25,
437,CT-NOISE-0407,noise-product-0407,Noise Product 0407,Hoodies,Generic catalog filler item 0407 for scale experiments.,Generic filler item 0407.,,7,,100,0.25,
438,CT-NOISE-0408,noise-product-0408,Noise Product 0408,Shirts,Generic catalog filler item 0408 for scale experiments.,Generic filler item 0408.,,8,,100,0.25,
439,CT-NOISE-0409,noise-product-0409,Noise Product 0409,Headwear,Generic catalog filler item 0409 for scale experiments.,Generic filler item 0409.,,9,,100,0.25,
440,CT-NOISE-0410,noise-product-0410,Noise Product 0410,Accessories,Generic catalog filler item 0410 for scale experiments.,Generic filler item 0410.,,10,,100,0.25,
441,CT-NOISE-0411,noise-product-0411,Noise Product 0411,Tees,Generic catalog filler item 0411 for scale experiments.,Generic filler item 0411.,,11,,100,0.25,
442,CT-NOISE-0412,noise-product-0412,Noise Product 0412,Hoodies,Generic catalog filler item 0412 for scale experiments.,Generic filler item 0412.,,12,,100,0.25,
443,CT-NOISE-0413,noise-product-0413,Noise Product 0413,Shirts,Generic catalog filler item 0413 for scale experiments.,Generic filler item 0413.,,13,,100,0.25,
444,CT-NOISE-0414,noise-product-0414,Noise Product 0414,Headwear,Generic catalog filler item 0414 for scale experiments.,Generic filler item 0414.,,14,,100,0.25,
445,CT-NOISE-0415,noise-product-0415,Noise Product 0415,Accessories,Generic catalog filler item 0415 for scale experiments.,Generic filler item 0415.,,15,,100,0.25,
446,CT-NOISE-0416,noise-product-0416,Noise Product 0416,Tees,Generic catalog filler item 0416 for scale experiments.,Generic filler item 0416.,,16,,100,0.25,
447,CT-NOISE-0417,noise-product-0417,Noise Product 0417,Hoodies,Generic catalog filler item 0417 for scale experiments.,Generic filler item 0417.,,17,,100,0.25,
448,CT-NOISE-0418,noise-product-0418,Noise Product 0418,Shirts,Generic catalog filler item 0418 for scale experiments.,Generic filler item 0418.,,18,,100,0.25,
449,CT-NOISE-0419,noise-product-0419,Noise Product 0419,Headwear,Generic catalog filler item 0419 for scale experiments.,Generic filler item 0419.,,19,,100,0.25,
450,CT-NOISE-0420,noise-product-0420,Noise Product 0420,Accessories,Generic catalog filler item 0420 for scale experiments.,Generic filler item 0420.,,20,,100,0.25,
451,CT-NOISE-0421,noise-product-0421,Noise Product 0421,Tees,Generic catalog filler item 0421 for scale experiments.,Generic filler item 0421.,,21,,100,0.25,
452,CT-NOISE-0422,noise-product-0422,Noise Product 0422,Hoodies,Generic catalog filler item 0422 for scale experiments.,Generic filler item 0422.,,22,,100,0.25,
453,CT-NOISE-0423,noise-product-0423,Noise Product 0423,Shirts,Generic catalog filler item 0423 for scale experiments.,Generic filler item 0423.,,23,,100,0.25,
454,CT-NOISE-0424,noise-product-0424,Noise Product 0424,Headwear,Generic catalog filler item 0424 for scale experiments.,Generic filler item 0424.,,24,,100,0.25,
455,CT-NOISE-0425,noise-product-0425,Noise Product 0425,Accessories,Generic catalog filler item 0425 for scale experiments.,Generic filler item 0425.,,25,,100,0.25,
456,CT-NOISE-0426,noise-product-0426,Noise Product 0426,Tees,Generic catalog filler item 0426 for scale experiments.,Generic filler item 0426.,,26,,100,0.25,
457,CT-NOISE-0427,noise-product-0427,Noise Product 0427,Hoodies,Generic catalog filler item 0427 for scale experiments.,Generic filler item 0427.,,27,,100,0.25,
458,CT-NOISE-0428,noise-product-0428,Noise Product 0428,Shirts,Generic catalog filler item 0428 for scale experiments.,Generic filler item 0428.,,28,,100,0.25,
459,CT-NOISE-0429,noise-product-0429,Noise Product 0429,Headwear,Generic catalog filler item 0429 for scale experiments.,Generic filler item 0429.,,29,,100,0.25,
460,CT-NOISE-0430,noise-product-0430,Noise Product 0430,Accessories,Generic catalog filler item 0430 for scale experiments.,Generic filler item 0430.,,30,,100,0.25,
461,CT-NOISE-0431,noise-product-0431,Noise Product 0431,Tees,Generic catalog filler item 0431 for scale experiments.,Generic filler item 0431.,,31,,100,0.25,
462,CT-NOISE-0432,noise-product-0432,Noise Product 0432,Hoodies,Generic catalog filler item 0432 for scale experiments.,Generic filler item 0432.,,32,,100,0.25,
463,CT-NOISE-0433,noise-product-0433,Noise Product 0433,Shirts,Generic catalog filler item 0433 for scale experiments.,Generic filler item 0433.,,33,,100,0.25,
464,CT-NOISE-0434,noise-product-0434,Noise Product 0434,Headwear,Generic catalog filler item 0434 for scale experiments.,Generic filler item 0434.,,34,,100,0.25,
465,CT-NOISE-0435,noise-product-0435,Noise Product 0435,Accessories,Generic catalog filler item 0435 for scale experiments.,Generic filler item 0435.,,35,,100,0.25,
466,CT-NOISE-0436,noise-product-0436,Noise Product 0436,Tees,Generic catalog filler item 0436 for scale experiments.,Generic filler item 0436.,,36,,100,0.25,
467,CT-NOISE-0437,noise-product-0437,Noise Product 0437,Hoodies,Generic catalog filler item 0437 for scale experiments.,Generic filler item 0437.,,37,,100,0.25,
468,CT-NOISE-0438,noise-product-0438,Noise Product 0438,Shirts,Generic catalog filler item 0438 for scale experiments.,Generic filler item 0438.,,38,,100,0.25,
469,CT-NOISE-0439,noise-product-0439,Noise Product 0439,Headwear,Generic catalog filler item 0439 for scale experiments.,Generic filler item 0439.,,39,,100,0.25,
470,CT-NOISE-0440,noise-product-0440,Noise Product 0440,Accessories,Generic catalog filler item 0440 for scale experiments.,Generic filler item 0440.,,40,,100,0.25,
471,CT-NOISE-0441,noise-product-0441,Noise Product 0441,Tees,Generic catalog filler item 0441 for scale experiments.,Generic filler item 0441.,,41,,100,0.25,
472,CT-NOISE-0442,noise-product-0442,Noise Product 0442,Hoodies,Generic catalog filler item 0442 for scale experiments.,Generic filler item 0442.,,42,,100,0.25,
473,CT-NOISE-0443,noise-product-0443,Noise Product 0443,Shirts,Generic catalog filler item 0443 for scale experiments.,Generic filler item 0443.,,43,,100,0.25,
474,CT-NOISE-0444,noise-product-0444,Noise Product 0444,Headwear,Generic catalog filler item 0444 for scale experiments.,Generic filler item 0444.,,44,,100,0.25,
475,CT-NOISE-0445,noise-product-0445,Noise Product 0445,Accessories,Generic catalog filler item 0445 for scale experiments.,Generic filler item 0445.,,45,,100,0.25,
476,CT-NOISE-0446,noise-product-0446,Noise Product 0446,Tees,Generic catalog filler item 0446 for scale experiments.,Generic filler item 0446.,,46,,100,0.25,
477,CT-NOISE-0447,noise-product-0447,Noise Product 0447,Hoodies,Generic catalog filler item 0447 for scale experiments.,Generic filler item 0447.,,47,,100,0.25,
478,CT-NOISE-0448,noise-product-0448,Noise Product 0448,Shirts,Generic catalog filler item 0448 for scale experiments.,Generic filler item 0448.,,48,,100,0.25,
479,CT-NOISE-0449,noise-product-0449,Noise Product 0449,Headwear,Generic catalog filler item 0449 for scale experiments.,Generic filler item 0449.,,49,,100,0.25,
480,CT-NOISE-0450,noise-product-0450,Noise Product 0450,Accessories,Generic catalog filler item 0450 for scale experiments.,Generic filler item 0450.,,50,,100,0.25,
481,CT-NOISE-0451,noise-product-0451,Noise Product 0451,Tees,Generic catalog filler item 0451 for scale experiments.,Generic filler item 0451.,,1,,100,0.25,
482,CT-NOISE-0452,noise-product-0452,Noise Product 0452,Hoodies,Generic catalog filler item 0452 for scale experiments.,Generic filler item 0452.,,2,,100,0.25,
483,CT-NOISE-0453,noise-product-0453,Noise Product 0453,Shirts,Generic catalog filler item 0453 for scale experiments.,Generic filler item 0453.,,3,,100,0.25,
484,CT-NOISE-0454,noise-product-0454,Noise Product 0454,Headwear,Generic catalog filler item 0454 for scale experiments.,Generic filler item 0454.,,4,,100,0.25,
485,CT-NOISE-0455,noise-product-0455,Noise Product 0455,Accessories,Generic catalog filler item 0455 for scale experiments.,Generic filler item 0455.,,5,,100,0.25,
486,CT-NOISE-0456,noise-product-0456,Noise Product 0456,Tees,Generic catalog filler item 0456 for scale experiments.,Generic filler item 0456.,,6,,100,0.25,
487,CT-NOISE-0457,noise-product-0457,Noise Product 0457,Hoodies,Generic catalog filler item 0457 for scale experiments.,Generic filler item 0457.,,7,,100,0.25,
488,CT-NOISE-0458,noise-product-0458,Noise Product 0458,Shirts,Generic catalog filler item 0458 for scale experiments.,Generic filler item 0458.,,8,,100,0.25,
489,CT-NOISE-0459,noise-product-0459,Noise Product 0459,Headwear,Generic catalog filler item 0459 for scale experiments.,Generic filler item 0459.,,9,,100,0.25,
490,CT-NOISE-0460,noise-product-0460,Noise Product 0460,Accessories,Generic catalog filler item 0460 for scale experiments.,Generic filler item 0460.,,10,,100,0.25,
491,CT-NOISE-0461,noise-product-0461,Noise Product 0461,Tees,Generic catalog filler item 0461 for scale experiments.,Generic filler item 0461.,,11,,100,0.25,
492,CT-NOISE-0462,noise-product-0462,Noise Product 0462,Hoodies,Generic catalog filler item 0462 for scale experiments.,Generic filler item 0462.,,12,,100,0.25,
493,CT-NOISE-0463,noise-product-0463,Noise Product 0463,Shirts,Generic catalog filler item 0463 for scale experiments.,Generic filler item 0463.,,13,,100,0.25,
494,CT-NOISE-0464,noise-product-0464,Noise Product 0464,Headwear,Generic catalog filler item 0464 for scale experiments.,Generic filler item 0464.,,14,,100,0.25,
495,CT-NOISE-0465,noise-product-0465,Noise Product 0465,Accessories,Generic catalog filler item 0465 for scale experiments.,Generic filler item 0465.,,15,,100,0.25,
496,CT-NOISE-0466,noise-product-0466,Noise Product 0466,Tees,Generic catalog filler item 0466 for scale experiments.,Generic filler item 0466.,,16,,100,0.25,
497,CT-NOISE-0467,noise-product-0467,Noise Product 0467,Hoodies,Generic catalog filler item 0467 for scale experiments.,Generic filler item 0467.,,17,,100,0.25,
498,CT-NOISE-0468,noise-product-0468,Noise Product 0468,Shirts,Generic catalog filler item 0468 for scale experiments.,Generic filler item 0468.,,18,,100,0.25,
499,CT-NOISE-0469,noise-product-0469,Noise Product 0469,Headwear,Generic catalog filler item 0469 for scale experiments.,Generic filler item 0469.,,19,,100,0.25,
500,CT-NOISE-0470,noise-product-0470,Noise Product 0470,Accessories,Generic catalog filler item 0470 for scale experiments.,Generic filler item 0470.,,20,,100,0.25,
501,CT-NOISE-0471,noise-product-0471,Noise Product 0471,Tees,Generic catalog filler item 0471 for scale experiments.,Generic filler item 0471.,,21,,100,0.25,
502,CT-NOISE-0472,noise-product-0472,Noise Product 0472,Hoodies,Generic catalog filler item 0472 for scale experiments.,Generic filler item 0472.,,22,,100,0.25,
503,CT-NOISE-0473,noise-product-0473,Noise Product 0473,Shirts,Generic catalog filler item 0473 for scale experiments.,Generic filler item 0473.,,23,,100,0.25,
504,CT-NOISE-0474,noise-product-0474,Noise Product 0474,Headwear,Generic catalog filler item 0474 for scale experiments.,Generic filler item 0474.,,24,,100,0.25,
505,CT-NOISE-0475,noise-product-0475,Noise Product 0475,Accessories,Generic catalog filler item 0475 for scale experiments.,Generic filler item 0475.,,25,,100,0.25,
506,CT-NOISE-0476,noise-product-0476,Noise Product 0476,Tees,Generic catalog filler item 0476 for scale experiments.,Generic filler item 0476.,,26,,100,0.25,
507,CT-NOISE-0477,noise-product-0477,Noise Product 0477,Hoodies,Generic catalog filler item 0477 for scale experiments.,Generic filler item 0477.,,27,,100,0.25,
508,CT-NOISE-0478,noise-product-0478,Noise Product 0478,Shirts,Generic catalog filler item 0478 for scale experiments.,Generic filler item 0478.,,28,,100,0.25,
509,CT-NOISE-0479,noise-product-0479,Noise Product 0479,Headwear,Generic catalog filler item 0479 for scale experiments.,Generic filler item 0479.,,29,,100,0.25,
510,CT-NOISE-0480,noise-product-0480,Noise Product 0480,Accessories,Generic catalog filler item 0480 for scale experiments.,Generic filler item 0480.,,30,,100,0.25,
511,CT-NOISE-0481,noise-product-0481,Noise Product 0481,Tees,Generic catalog filler item 0481 for scale experiments.,Generic filler item 0481.,,31,,100,0.25,
512,CT-NOISE-0482,noise-product-0482,Noise Product 0482,Hoodies,Generic catalog filler item 0482 for scale experiments.,Generic filler item 0482.,,32,,100,0.25,
513,CT-NOISE-0483,noise-product-0483,Noise Product 0483,Shirts,Generic catalog filler item 0483 for scale experiments.,Generic filler item 0483.,,33,,100,0.25,
514,CT-NOISE-0484,noise-product-0484,Noise Product 0484,Headwear,Generic catalog filler item 0484 for scale experiments.,Generic filler item 0484.,,34,,100,0.25,
515,CT-NOISE-0485,noise-product-0485,Noise Product 0485,Accessories,Generic catalog filler item 0485 for scale experiments.,Generic filler item 0485.,,35,,100,0.25,
516,CT-NOISE-0486,noise-product-0486,Noise Product 0486,Tees,Generic catalog filler item 0486 for scale experiments.,Generic filler item 0486.,,36,,100,0.25,
517,CT-NOISE-0487,noise-product-0487,Noise Product 0487,Hoodies,Generic catalog filler item 0487 for scale experiments.,Generic filler item 0487.,,37,,100,0.25,
518,CT-NOISE-0488,noise-product-0488,Noise Product 0488,Shirts,Generic catalog filler item 0488 for scale experiments.,Generic filler item 0488.,,38,,100,0.25,
519,CT-NOISE-0489,noise-product-0489,Noise Product 0489,Headwear,Generic catalog filler item 0489 for scale experiments.,Generic filler item 0489.,,39,,100,0.25,
520,CT-NOISE-0490,noise-product-0490,Noise Product 0490,Accessories,Generic catalog filler item 0490 for scale experiments.,Generic filler item 0490.,,40,,100,0.25,
521,CT-NOISE-0491,noise-product-0491,Noise Product 0491,Tees,Generic catalog filler item 0491 for scale experiments.,Generic filler item 0491.,,41,,100,0.25,
522,CT-NOISE-0492,noise-product-0492,Noise Product 0492,Hoodies,Generic catalog filler item 0492 for scale experiments.,Generic filler item 0492.,,42,,100,0.25,
523,CT-NOISE-0493,noise-product-0493,Noise Product 0493,Shirts,Generic catalog filler item 0493 for scale experiments.,Generic filler item 0493.,,43,,100,0.25,
524,CT-NOISE-0494,noise-product-0494,Noise Product 0494,Headwear,Generic catalog filler item 0494 for scale experiments.,Generic filler item 0494.,,44,,100,0.25,
525,CT-NOISE-0495,noise-product-0495,Noise Product 0495,Accessories,Generic catalog filler item 0495 for scale experiments.,Generic filler item 0495.,,45,,100,0.25,
526,CT-NOISE-0496,noise-product-0496,Noise Product 0496,Tees,Generic catalog filler item 0496 for scale experiments.,Generic filler item 0496.,,46,,100,0.25,
527,CT-NOISE-0497,noise-product-0497,Noise Product 0497,Hoodies,Generic catalog filler item 0497 for scale experiments.,Generic filler item 0497.,,47,,100,0.25,
528,CT-NOISE-0498,noise-product-0498,Noise Product 0498,Shirts,Generic catalog filler item 0498 for scale experiments.,Generic filler item 0498.,,48,,100,0.25,
529,CT-NOISE-0499,noise-product-0499,Noise Product 0499,Headwear,Generic catalog filler item 0499 for scale experiments.,Generic filler item 0499.,,49,,100,0.25,
530,CT-NOISE-0500,noise-product-0500,Noise Product 0500,Accessories,Generic catalog filler item 0500 for scale experiments.,Generic filler item 0500.,,50,,100,0.25,
